Workbook

Sheet Info
A1: Name | B1: Symbol | C1: Exchange | D1: Category | E1: Price
A2: KODEX KOFR금리액티브(합성) | B2: 423160 | C2: KRX | D2: Cash | E2: =INDEX(Price!B:B,MATCH(TRUE,INDEX(ISNUMBER(Price!B$2:B$1000),0),0)+1)
A3: KODEX CD금리액티브(합성) | B3: 459580 | C3: KRX | D3: Cash | E3: =INDEX(Price!C:C,MATCH(TRUE,INDEX(ISNUMBER(Price!C$2:C$1000),0),0)+1)
A4: TIGER CD1년금리액티브(합성) | B4: 475630 | C4: KRX | D4: Cash | E4: =INDEX(Price!D:D,MATCH(TRUE,INDEX(ISNUMBER(Price!D$2:D$1000),0),0)+1)
A5: KRW | B5: KRW_KRW | C5: KRX | D5: Cash | E5: 1
A6: SGOV | B6: SGOV | C6: NYSE Arca | D6: Cash | E6: =INDEX(Price!E:E,MATCH(TRUE,INDEX(ISNUMBER(Price!E$2:E$1000),0),0)+1)
A7: STRK | B7: STRK | C7: NASDAQ | D7: Cash | E7: =INDEX(Price!F:F,MATCH(TRUE,INDEX(ISNUMBER(Price!F$2:F$1000),0),0)+1)
A8: STRC | B8: STRC | C8: NASDAQ | D8: Cash | E8: =INDEX(Price!G:G,MATCH(TRUE,INDEX(ISNUMBER(Price!G$2:G$1000),0),0)+1)
A9: STRD | B9: STRD | C9: NASDAQ | D9: Cash | E9: =INDEX(Price!H:H,MATCH(TRUE,INDEX(ISNUMBER(Price!H$2:H$1000),0),0)+1)
A10: STRF | B10: STRF | C10: NASDAQ | D10: Cash | E10: =INDEX(Price!I:I,MATCH(TRUE,INDEX(ISNUMBER(Price!I$2:I$1000),0),0)+1)
A11: USDT | B11: USDT_KRW | C11: Upbit | D11: Cash | E11: =INDEX(Price!J:J,MATCH(TRUE,INDEX(ISNUMBER(Price!J$2:J$1000),0),0)+1)
A12: USD | B12: USD_KRW | C12: Forex | D12: Cash | E12: =INDEX(Price!K:K,MATCH(TRUE,INDEX(ISNUMBER(Price!K$2:K$1000),0),0)+1)
A13: KINDEX KRX금현물 | B13: 411060 | C13: KRX | D13: Gold | E13: =INDEX(Price!L:L,MATCH(TRUE,INDEX(ISNUMBER(Price!L$2:L$1000),0),0)+1)
A14: ACE 미국10년국채액티브(H) | B14: 0085P0 | C14: KRX | D14: Bonds | E14: =INDEX(Price!M:M,MATCH(TRUE,INDEX(ISNUMBER(Price!M$2:M$1000),0),0)+1)
A15: ACE 미국장기채액티브 | B15: 476760 | C15: KRX | D15: Bonds | E15: =INDEX(Price!N:N,MATCH(TRUE,INDEX(ISNUMBER(Price!N$2:N$1000),0),0)+1)
A16: VGIT | B16: VGIT | C16: NASDAQ | D16: Bonds | E16: =INDEX(Price!O:O,MATCH(TRUE,INDEX(ISNUMBER(Price!O$2:O$1000),0),0)+1)
A17: VGLT | B17: VGLT | C17: NASDAQ | D17: Bonds | E17: =INDEX(Price!P:P,MATCH(TRUE,INDEX(ISNUMBER(Price!P$2:P$1000),0),0)+1)
A18: VTIP | B18: VTIP | C18: NASDAQ | D18: Bonds | E18: =INDEX(Price!Q:Q,MATCH(TRUE,INDEX(ISNUMBER(Price!Q$2:Q$1000),0),0)+1)
A19: TIGER MSCI US 리츠(합성H) | B19: 182480 | C19: KRX | D19: Kor Stock | E19: =INDEX(Price!R:R,MATCH(TRUE,INDEX(ISNUMBER(Price!R$2:R$1000),0),0)+1)
A20: TIGER KOSDAQ150 | B20: 232080 | C20: KRX | D20: Kor Stock | E20: =INDEX(Price!S:S,MATCH(TRUE,INDEX(ISNUMBER(Price!S$2:S$1000),0),0)+1)
A21: ACE 미국S&P500 | B21: 360200 | C21: KRX | D21: Kor Stock | E21: =INDEX(Price!T:T,MATCH(TRUE,INDEX(ISNUMBER(Price!T$2:T$1000),0),0)+1)
A22: KBSTAR 200 Total Return | B22: 361580 | C22: KRX | D22: Kor Stock | E22: =INDEX(Price!U:U,MATCH(TRUE,INDEX(ISNUMBER(Price!U$2:U$1000),0),0)+1)
A23: KODEX S&P500 | B23: 379800 | C23: KRX | D23: Kor Stock | E23: =INDEX(Price!V:V,MATCH(TRUE,INDEX(ISNUMBER(Price!V$2:V$1000),0),0)+1)
A24: KODEX 미국나스닥100(TR) | B24: 379810 | C24: KRX | D24: Kor Stock | E24: =INDEX(Price!W:W,MATCH(TRUE,INDEX(ISNUMBER(Price!W$2:W$1000),0),0)+1)
A25: KINDEX S&P500 3070 Blend | B25: 438080 | C25: KRX | D25: Kor Stock | E25: =INDEX(Price!X:X,MATCH(TRUE,INDEX(ISNUMBER(Price!X$2:X$1000),0),0)+1)
A26: 유비케어 | B26: 032620 | C26: KOSDAQ | D26: Kor Stock | E26: =INDEX(Price!Y:Y,MATCH(TRUE,INDEX(ISNUMBER(Price!Y$2:Y$1000),0),0)+1)
A27: KoAct 코스닥액티브 | B27: 0163Y0 | C27: KRX | D27: Kor Stock | E27: =INDEX(Price!Z:Z,MATCH(TRUE,INDEX(ISNUMBER(Price!Z$2:Z$1000),0),0)+1)
A28: QQQM | B28: QQQM | C28: NASDAQ | D28: US Stock | E28: =INDEX(Price!AA:AA,MATCH(TRUE,INDEX(ISNUMBER(Price!AA$2:AA$1000),0),0)+1)
A29: SCHD | B29: SCHD | C29: NYSE Arca | D29: US Stock | E29: =INDEX(Price!AB:AB,MATCH(TRUE,INDEX(ISNUMBER(Price!AB$2:AB$1000),0),0)+1)
A30: SPYM | B30: SPYM | C30: NYSE Arca | D30: US Stock | E30: =INDEX(Price!AC:AC,MATCH(TRUE,INDEX(ISNUMBER(Price!AC$2:AC$1000),0),0)+1)
A31: MSTR | B31: MSTR | C31: NASDAQ | D31: US Stock | E31: =INDEX(Price!AD:AD,MATCH(TRUE,INDEX(ISNUMBER(Price!AD$2:AD$1000),0),0)+1)
A32: VIG | B32: VIG | C32: NYSE Arca | D32: US Stock | E32: =INDEX(Price!AE:AE,MATCH(TRUE,INDEX(ISNUMBER(Price!AE$2:AE$1000),0),0)+1)
A33: Bitcoin | B33: BTC_USDT | C33: Crypto | D33: Crypto | E33: =INDEX(Price!AF:AF,MATCH(TRUE,INDEX(ISNUMBER(Price!AF$2:AF$1000),0),0)+1)
A34: Ethereum | B34: ETH_USDT | C34: Crypto | D34: Crypto | E34: =INDEX(Price!AG:AG,MATCH(TRUE,INDEX(ISNUMBER(Price!AG$2:AG$1000),0),0)+1)

Sheet Price
A1: Date | B1: 423160 | C1: 459580 | D1: 475630 | E1: SGOV | F1: Strategy Prf | G1: Strategy Prf A | H1: Strategy Prf D | I1: Strategy Prf F | J1: USDT_KRW Upbit | K1: USD_KRW | L1: 411060 | M1: 0085P0 | N1: 476760 | O1: VGIT | P1: VGLT | Q1: VTIP | R1: 182480 | S1: 232080 | T1: 360200 | U1: 361580 | V1: 379800 | W1: 379810 | X1: 438080 | Y1: UB Care | Z1: 0163Y0 | AA1: QQQM | AB1: SCHD | AC1: SPYM | AD1: Strategy | AE1: VIG | AF1: Bitcoin | AG1: Ethereum
A2: 04/29/2026 | B2: 110635 | C2: 1073620 | D2: 1065150 | E2: 100.66 | J2: 1477.63 | K2: 1477.4301 | L2: 30205 | M2: 10740 | N2: 9980 | O2: 59.439999 | P2: 55.220001 | Q2: 50.369999 | R2: 13575 | S2: 20900 | T2: 26490 | U2: 57410 | V2: 23885 | W2: 26600 | X2: 14435 | Y2: 4140 | Z2: 13235 | AA2: 270.76001 | AB2: 31.309999 | AC2: 83.760002 | AD2: 165.71001 | AE2: 225.35001 | AF2: 77011.203 | AG2: 2322.73
A3: 04/28/2026 | B3: 110865 | C3: 1075680 | D3: 1064810 | E3: 100.64 | J3: 1474.67 | K3: 1473.88 | L3: 30490 | M3: 10730 | N3: 9945 | O3: 59.509998 | P3: 55.18 | Q3: 50.380001 | R3: 13500 | S3: 20835 | T3: 26525 | U3: 57010 | V3: 23985 | W3: 26660 | X3: 14395 | Y3: 4210 | Z3: 13120 | AA3: 273.51001 | AB3: 31.129999 | AC3: 84.169998 | AD3: 169.2 | AE3: 225.99001 | AF3: 76573 | AG3: 2273.8999
A4: 04/27/2026 | B4: 110860 | C4: 1075595 | D4: 1064730 | E4: 100.64 | J4: 1471.9 | K4: 1471.38 | L4: 30900 | M4: 10735 | N4: 9990 | O4: 59.580002 | P4: 55.43 | Q4: 50.34 | R4: 13565 | S4: 21100 | T4: 26475 | U4: 56765 | V4: 23940 | W4: 26715 | X4: 14380 | Y4: 4200 | Z4: 13240 | AA4: 273.38 | AB4: 31.200001 | AC4: 84.029999 | AD4: 171.02 | AE4: 226.83 | AF4: 77614.719 | AG4: 2319.49
A5: 04/26/2026 | E5: 100.64 | J5: 1476.81 | K5: 1476.3199 | O5: 59.580002 | P5: 55.43 | Q5: 50.34 | AA5: 273.38 | AB5: 31.200001 | AC5: 84.029999 | AD5: 171.02 | AE5: 226.83 | AF5: 78012.289 | AG5: 2330.1899
A6: 04/25/2026 | E6: 100.64 | J6: 1476.83 | K6: 1476.3199 | O6: 59.580002 | P6: 55.43 | Q6: 50.34 | AA6: 273.38 | AB6: 31.200001 | AC6: 84.029999 | AD6: 171.02 | AE6: 226.83 | AF6: 77489.82 | AG6: 2314.8999
A7: 04/24/2026 | B7: 110845 | C7: 1075515 | D7: 1064690 | E7: 100.61 | J7: 1485.08 | K7: 1483.6801 | L7: 31070 | M7: 10815 | N7: 10085 | O7: 59.48 | P7: 55.32 | Q7: 50.240002 | R7: 13600 | S7: 20695 | T7: 26510 | U7: 55465 | V7: 23970 | W7: 26550 | X7: 14450 | Y7: 4160 | Z7: 13045 | AA7: 268.22 | AB7: 31.42 | AC7: 83.379997 | AD7: 172.47 | AE7: 227.78999 | AF7: 77850.312 | AG7: 2316.6799
A8: 04/23/2026 | B8: 110825 | C8: 1075430 | D8: 1064570 | E8: 100.6099 | J8: 1480.77 | K8: 1479.98 | L8: 31255 | M8: 10790 | N8: 10045 | O8: 59.575001 | P8: 55.529999 | Q8: 50.200001 | R8: 13420 | S8: 20115 | T8: 26435 | U8: 55675 | V8: 23900 | W8: 26415 | X8: 14415 | Y8: 4140 | Z8: 12785 | AA8: 269.86499 | AB8: 31.264601 | AC8: 83.705002 | AD8: 177.575 | AE8: 227.69501 | AF8: 77658.109 | AG8: 2322.46
A9: 04/22/2026 | B9: 110810 | C9: 1075180 | D9: 1064305 | E9: 100.59 | J9: 1477.93 | K9: 1477.38 | L9: 31540 | M9: 10785 | N9: 10045 | O9: 59.52 | P9: 55.32 | Q9: 50.139999 | R9: 13620 | S9: 20260 | T9: 26325 | U9: 55060 | V9: 23800 | W9: 26155 | X9: 14365 | Y9: 4190 | Z9: 12920 | AA9: 265.31 | AB9: 30.98 | AC9: 82.870003 | AD9: 163.97 | AE9: 226.17 | AF9: 78044.297 | AG9: 2394.4099
A10: 04/21/2026 | B10: 110810 | C10: 1075100 | D10: 1064220 | E10: 100.57 | J10: 1471.02 | K10: 1469.78 | L10: 31550 | M10: 10755 | N10: 10035 | O10: 59.720001 | P10: 55.639999 | Q10: 50.18 | R10: 13805 | S10: 20300 | T10: 26295 | U10: 54895 | V10: 23775 | W10: 26050 | X10: 14325 | Y10: 4235 | Z10: 12880 | AA10: 266.29999 | AB10: 31.030001 | AC10: 83.419998 | AD10: 170.81 | AE10: 227.33 | AF10: 75955.75 | AG10: 2316.1699
A11: 04/20/2026 | B11: 110800 | C11: 1075020 | D11: 1064140 | E11: 100.56 | J11: 1472.56 | K11: 1476.38 | L11: 31715 | M11: 10805 | N11: 10040 | O11: 59.759998 | P11: 55.650002 | Q11: 50.16 | R11: 13750 | S11: 20125 | T11: 26275 | U11: 53500 | V11: 23760 | W11: 26010 | X11: 14360 | Y11: 4270 | Z11: 12835 | AA11: 267.13 | AB11: 31.049999 | AC11: 83.580002 | AD11: 166.52 | AE11: 227.46001 | AF11: 74814.031 | AG11: 2287.1899
A12: 04/19/2026 | E12: 100.56 | J12: 1467.43 | K12: 1465.6801 | O12: 59.759998 | P12: 55.650002 | Q12: 50.16 | AA12: 267.13 | AB12: 31.049999 | AC12: 83.580002 | AD12: 166.52 | AE12: 227.46001 | AF12: 75543.82 | AG12: 2340.0601
A13: 04/18/2026 | E13: 100.56 | J13: 1467.41 | K13: 1465.6801 | O13: 59.759998 | P13: 55.650002 | Q13: 50.16 | AA13: 267.13 | AB13: 31.049999 | AC13: 83.580002 | AD13: 166.52 | AE13: 227.46001 | AF13: 77177.344 | AG13: 2415.6001
A14: 04/17/2026 | B14: 110795 | C14: 1074935 | D14: 1064090 | E14: 100.53 | J14: 1483.7 | K14: 1483.29 | L14: 31850 | M14: 10795 | N14: 10010 | O14: 59.529999 | P14: 55.189999 | Q14: 50.150002 | R14: 13555 | S14: 19950 | T14: 26220 | U14: 53220 | V14: 23705 | W14: 25905 | X14: 14355 | Y14: 4330 | Z14: 12830 | AA14: 263.69 | AB14: 30.809999 | AC14: 82.580002 | AD14: 148.94 | AE14: 224.88 | AF14: 75100.492 | AG14: 2341.46
A15: 04/16/2026 | B15: 110770 | C15: 1074855 | D15: 1063990 | E15: 100.53 | J15: 1472.77 | K15: 1472.1801 | L15: 31935 | M15: 10770 | N15: 10035 | O15: 59.59 | P15: 55.490002 | Q15: 50.139999 | R15: 13440 | S15: 19945 | T15: 26050 | U15: 53605 | V15: 23560 | W15: 25770 | X15: 14265 | Y15: 4275 | Z15: 12670 | AA15: 262.48001 | AB15: 30.65 | AC15: 82.379997 | AD15: 143.53999 | AE15: 224.37 | AF15: 74986.633 | AG15: 2353.46
A16: 04/15/2026 | B16: 110755 | C16: 1074610 | D16: 1063725 | E16: 100.51 | J16: 1475.21 | K16: 1474.28 | L16: 31920 | M16: 10785 | N16: 10085 | O16: 59.66 | P16: 55.709999 | Q16: 50.16 | R16: 13440 | S16: 19805 | T16: 25795 | U16: 52470 | V16: 23315 | W16: 25290 | X16: 14210 | Y16: 4200 | Z16: 12570 | AA16: 258.78 | AB16: 30.709999 | AC16: 81.739998 | AD16: 137.41 | AE16: 223.87 | AF16: 73896.68 | AG16: 2319.9299
A17: 04/14/2026 | B17: 110755 | C17: 1074525 | D17: 1063650 | E17: 100.51 | J17: 1476 | K17: 1475.98 | L17: 31665 | M17: 10810 | N17: 10100 | O17: 59.529999 | P17: 55.43 | Q17: 50.130001 | R17: 13280 | S17: 19115 | T17: 25610 | U17: 51180 | V17: 23155 | W17: 25005 | X17: 14180 | Y17: 4195 | Z17: 12210 | AA17: 254.17 | AB17: 30.74 | AC17: 80.739998 | AD17: 132.36 | AE17: 223.25999 | AF17: 74630.172 | AG17: 2381.7
A18: 04/13/2026 | B18: 110740 | C18: 1074445 | D18: 1063575 | E18: 100.5 | J18: 1488.5 | K18: 1488.01 | L18: 31605 | M18: 10830 | N18: 10070 | O18: 59.43 | P18: 55.259998 | Q18: 50.049999 | R18: 13250 | S18: 18925 | T18: 25340 | U18: 49700 | V18: 22905 | W18: 24675 | X18: 14130 | Y18: 4080 | Z18: 11945 | AA18: 251.60001 | AB18: 30.559999 | AC18: 79.959999 | AD18: 128.64 | AE18: 221.47 | AF18: 70719.602 | AG18: 2184.3647
A19: 04/12/2026 | E19: 100.5 | J19: 1484.9 | K19: 1482.7 | O19: 59.43 | P19: 55.259998 | Q19: 50.049999 | AA19: 251.60001 | AB19: 30.559999 | AC19: 79.959999 | AD19: 128.64 | AE19: 221.47 | AF19: 71612.836 | AG19: 2213.9731
A20: 04/11/2026 | E20: 100.5 | J20: 1485.27 | K20: 1482.7 | O20: 59.43 | P20: 55.259998 | Q20: 50.049999 | AA20: 251.60001 | AB20: 30.559999 | AC20: 79.959999 | AD20: 128.64 | AE20: 221.47 | AF20: 72785.508 | AG20: 2235.5547
A21: 04/10/2026 | B21: 110735 | C21: 1074365 | D21: 1063530 | E21: 100.46 | J21: 1484.2 | K21: 1483.39 | L21: 31705 | M21: 10815 | N21: 10070 | O21: 59.5 | P21: 55.400002 | Q21: 50.029999 | R21: 13205 | S21: 18940 | T21: 25385 | U21: 50185 | V21: 22945 | W21: 24680 | X21: 14125 | Y21: 3965 | Z21: 11820 | AA21: 251.23 | AB21: 30.940001 | AC21: 80.019997 | AD21: 128.86 | AE21: 222.82001 | AF21: 71779.523 | AG21: 2185.9409
A22: 04/09/2026 | B22: 110715 | C22: 1074280 | D22: 1063410 | J22: 1481.08 | K22: 1479.79 | L22: 31450 | M22: 10815 | N22: 10090 | R22: 13090 | S22: 18815 | T22: 25200 | U22: 49415 | V22: 22790 | W22: 24490 | X22: 14040 | Y22: 3905 | Z22: 11470 | AF22: 71050.125 | AG22: 2184.8811
A23: 04/08/2026 | B23: 110705 | C23: 1074040 | D23: 1063175 | J23: 1476.08 | K23: 1476.6801 | L23: 31955 | M23: 10770 | N23: 10100 | R23: 12975 | S23: 19060 | T23: 25090 | U23: 50365 | V23: 22690 | W23: 24440 | X23: 14000 | Y23: 3930 | Z23: 11640 | AF23: 71686.461 | AG23: 2246.2927
A24: 04/07/2026 | B24: 110700 | C24: 1073955 | D24: 1063085 | E24: 100.44 | J24: 1504.88 | K24: 1503.78 | L24: 31340 | M24: 10925 | N24: 10215 | O24: 59.279999 | P24: 55.299999 | Q24: 49.990002 | R24: 12845 | S24: 18125 | T24: 24870 | U24: 46835 | V24: 22490 | W24: 24055 | X24: 14070 | Y24: 3865 | Z24: 11040 | AA24: 242.32001 | AB24: 30.639999 | AC24: 77.559998 | AD24: 127.69 | AE24: 216.82001 | AF24: 68491.773 | AG24: 2099.5032
A25: 04/06/2026 | B25: 110690 | C25: 1073875 | D25: 1063025 | E25: 100.43 | J25: 1504.55 | K25: 1505.3 | L25: 31570 | M25: 10930 | N25: 10195 | O25: 59.389999 | P25: 55.369999 | Q25: 49.990002 | R25: 12895 | S25: 18215 | T25: 24870 | U25: 46225 | V25: 22490 | W25: 24065 | X25: 14095 | Y25: 3905 | Z25: 11175 | AA25: 240.86 | AB25: 30.559999 | AC25: 77.190002 | AD25: 119.83 | AE25: 216.02 | AF25: 68833.695 | AG25: 2122.707
A26: 04/05/2026 | E26: 100.43 | J26: 1509.99 | K26: 1510.54 | O26: 59.389999 | P26: 55.369999 | Q26: 49.990002 | AA26: 240.86 | AB26: 30.559999 | AC26: 77.190002 | AD26: 119.83 | AE26: 216.02 | AF26: 66869.234 | AG26: 2040.6427
A27: 04/04/2026 | E27: 100.43 | J27: 1509.96 | K27: 1514 | O27: 59.389999 | P27: 55.369999 | Q27: 49.990002 | AA27: 240.86 | AB27: 30.559999 | AC27: 77.190002 | AD27: 119.83 | AE27: 216.02 | AF27: 66977.219 | AG27: 2054.1541
A28: 04/03/2026 | B28: 110685 | C28: 1073795 | D28: 1062995 | E28: 100.43 | J28: 1506.73 | K28: 1507.01 | L28: 31715 | M28: 10950 | N28: 10250 | O28: 59.389999 | P28: 55.369999 | Q28: 49.990002 | R28: 12850 | S28: 18485 | T28: 24830 | U28: 45550 | V28: 22455 | W28: 23995 | X28: 14075 | Y28: 3970 | Z28: 11450 | AA28: 240.86 | AB28: 30.559999 | AC28: 77.190002 | AD28: 119.83 | AE28: 216.02 | AF28: 66814.047 | AG28: 2064.5886
A29: 04/02/2026 | B29: 110660 | C29: 1073715 | D29: 1062855 | E29: 100.39 | J29: 1517.23 | K29: 1516.28 | L29: 31115 | M29: 11000 | N29: 10235 | O29: 59.310001 | P29: 55.099998 | Q29: 49.869999 | R29: 12720 | S29: 18500 | T29: 24760 | U29: 44295 | V29: 22365 | W29: 23835 | X29: 14085 | Y29: 3900 | Z29: 11500 | AA29: 240.57001 | AB29: 30.51 | AC29: 77.120003 | AD29: 122.78 | AE29: 215.67999 | AF29: 66666.375 | AG29: 2049.2795
A30: 04/01/2026 | B30: 110645 | C30: 1073470 | D30: 1062580 | E30: 100.66 | J30: 1498.51 | K30: 1498.98 | L30: 31835 | M30: 10955 | N30: 10255 | O30: 59.549999 | P30: 55.360001 | Q30: 49.950001 | R30: 12620 | S30: 19615 | T30: 24760 | U30: 46485 | V30: 22390 | W30: 23895 | X30: 14040 | Y30: 4040 | Z30: 12330 | AA30: 237.62 | AB30: 30.68 | AC30: 76.540001 | AD30: 124.8 | AE30: 215.06 | AF30: 69139.344 | AG30: 2153.3337
A31: 03/31/2026 | B31: 110640 | C31: 1073390 | D31: 1062510 | E31: 100.66 | J31: 1527.52 | K31: 1528.84 | L31: 31540 | M31: 11130 | N31: 10415 | O31: 59.43 | P31: 55.369999 | Q31: 49.939999 | R31: 12455 | S31: 18585 | T31: 24575 | U31: 42580 | V31: 22215 | W31: 23515 | X31: 14110 | Y31: 3935 | Z31: 11190 | AA31: 229.87 | AB31: 30.48 | AC31: 74.379997 | AD31: 121.44 | AE31: 210.7 | AF31: 67382.852 | AG31: 2058.1614
A32: 03/30/2026 | B32: 110640 | C32: 1073305 | D32: 1062455 | E32: 100.65 | J32: 1517.62 | K32: 1518.39 | L32: 30965 | M32: 10960 | N32: 10240 | O32: 59.169998 | P32: 54.700001 | Q32: 49.799999 | R32: 12440 | S32: 19645 | T32: 24275 | U32: 44530 | V32: 21945 | W32: 23335 | X32: 13920 | Y32: 4020 | Z32: 11840 | AA32: 231.61 | AB32: 30.440001 | AC32: 74.639999 | AD32: 126.03 | AE32: 210.73 | AF32: 67344.125 | AG32: 2046.7147
A33: 03/29/2026 | E33: 100.65 | J33: 1506.83 | K33: 1508.36 | O33: 59.169998 | P33: 54.700001 | Q33: 49.799999 | AA33: 231.61 | AB33: 30.440001 | AC33: 74.639999 | AD33: 126.03 | AE33: 210.73 | AF33: 66516.578 | AG33: 1998.9926
A34: 03/28/2026 | E34: 100.65 | J34: 1506.96 | K34: 1508.36 | O34: 59.169998 | P34: 54.700001 | Q34: 49.799999 | AA34: 231.61 | AB34: 30.440001 | AC34: 74.639999 | AD34: 126.03 | AE34: 210.73 | AF34: 66369.766 | AG34: 2000.5927
A35: 03/27/2026 | B35: 110850 | C35: 1075530 | D35: 1062395 | E35: 100.62 | J35: 1504.08 | K35: 1504.76 | L35: 30325 | M35: 10925 | N35: 10215 | O35: 59.09 | P35: 54.939999 | Q35: 49.73 | R35: 12635 | S35: 20265 | T35: 24680 | U35: 45930 | V35: 22320 | W35: 23795 | X35: 13990 | Y35: 4055 | Z35: 12380 | AA35: 236.21001 | AB35: 30.620001 | AC35: 75.919998 | AD35: 132.92999 | AE35: 214.22 | AF35: 68611.562 | AG35: 2060.5498
A36: 03/26/2026 | B36: 110825 | C36: 1075445 | D36: 1062280 | E36: 100.61 | J36: 1503.64 | K36: 1503.89 | L36: 30100 | M36: 10940 | N36: 10225 | O36: 59.43 | P36: 55.389999 | Q36: 49.779999 | R36: 12625 | S36: 20080 | T36: 24850 | U36: 46160 | V36: 22460 | W36: 24090 | X36: 14080 | Y36: 3990 | Z36: 12430 | AA36: 241.98 | AB36: 30.540001 | AC36: 77.300003 | AD36: 139.13 | AE36: 216.19 | AF36: 70007.242 | AG36: 2120.0759
A37: 03/25/2026 | B37: 110815 | C37: 1075200 | D37: 1062030 | E37: 100.61 | J37: 1498.2 | K37: 1498.42 | L37: 30815 | M37: 10895 | N37: 10195 | O37: 59.240002 | P37: 54.900002 | Q37: 49.77 | R37: 12640 | S37: 20525 | T37: 24805 | U37: 47810 | V37: 22425 | W37: 24035 | X37: 14035 | Y37: 4030 | Z37: 12740 | AA37: 240.42 | AB37: 30.639999 | AC37: 76.870003 | AD37: 136.25 | AE37: 215.25 | AF37: 71017.008 | AG37: 2165.8577
A38: 03/24/2026 | B38: 110810 | C38: 1075115 | D38: 1061940 | E38: 100.58 | J38: 1495.29 | K38: 1495.76 | L38: 29520 | M38: 10845 | N38: 10130 | O38: 59.41 | P38: 55.119999 | Q38: 49.82 | R38: 12660 | S38: 19825 | T38: 24625 | U38: 47215 | V38: 22270 | W38: 23945 | X38: 13960 | Y38: 4000 | Z38: 12380 | AA38: 242.07001 | AB38: 30.540001 | AC38: 77.129997 | AD38: 138.2 | AE38: 214.94 | AF38: 71024.859 | AG38: 2159.73
A39: 03/23/2026 | B39: 110795 | C39: 1075030 | D39: 1061875 | E39: 100.58 | J39: 1510.16 | K39: 1510.38 | L39: 29265 | M39: 10955 | N39: 10200 | O39: 59.27 | P39: 54.779999 | Q39: 49.919998 | R39: 12595 | S39: 19450 | T39: 24625 | U39: 45830 | V39: 22260 | W39: 23890 | X39: 14000 | Y39: 3900 | Z39: 12080 | AA39: 239.64 | AB39: 30.389999 | AC39: 76.330002 | AD39: 135.66 | AE39: 212.96001 | AF39: 68516.547 | AG39: 2052.4087
A40: 03/22/2026 | E40: 100.58 | J40: 1504.96 | K40: 1504.83 | O40: 59.27 | P40: 54.779999 | Q40: 49.919998 | AA40: 239.64 | AB40: 30.389999 | AC40: 76.330002 | AD40: 135.66 | AE40: 212.96001 | AF40: 68955.305 | AG40: 2097.7837
A41: 03/21/2026 | E41: 100.58 | J41: 1505.23 | K41: 1504.83 | O41: 59.27 | P41: 54.779999 | Q41: 49.919998 | AA41: 239.64 | AB41: 30.389999 | AC41: 76.330002 | AD41: 135.66 | AE41: 212.96001 | AF41: 70704.5 | AG41: 2155.1177
A42: 03/20/2026 | B42: 110795 | C42: 1074950 | D42: 1061815 | E42: 100.55 | J42: 1498.15 | K42: 1498.03 | L42: 31670 | M42: 10960 | N42: 10295 | O42: 59.619999 | P42: 55.82 | Q42: 49.990002 | R42: 13030 | S42: 20525 | T42: 24885 | U42: 48995 | V42: 22505 | W42: 24255 | X42: 14065 | Y42: 3995 | Z42: 12910 | AA42: 244.2 | AB42: 30.59 | AC42: 77.440002 | AD42: 138.24001 | AE42: 215.07001 | AF42: 70947.922 | AG42: 2157.9895
A43: 03/19/2026 | Z43: 12630
A44: 03/18/2026 | Z44: 12990
A45: 03/17/2026 | B45: 110755 | C45: 1074535 | D45: 1061370 | E45: 100.52 | J45: 1493.43 | K45: 1492.38 | L45: 33295 | M45: 10910 | N45: 10165 | O45: 59.799999 | P45: 55.700001 | Q45: 49.98 | R45: 13115 | S45: 20090 | T45: 24980 | U45: 47880 | V45: 22590 | W45: 24325 | X45: 14050 | Y45: 3960 | Z45: 12900 | AA45: 247.17 | AB45: 30.870001 | AC45: 78.519997 | AD45: 147.52 | AE45: 219.24001 | AF45: 74185.203 | AG45: 2317.6882
A46: 03/16/2026 | B46: 110745 | C46: 1074455 | D46: 1061305 | E46: 100.53 | F46: 78.16 | G46: 99.83 | H46: 75.79 | I46: 100.23 | J46: 1469 | K46: 1490.41 | L46: 33500 | M46: 10930 | N46: 10190 | O46: 59.8 | P46: 55.7 | Q46: 49.98 | R46: 13000 | S46: 20070 | T46: 25055 | U46: 46905 | V46: 22650 | W46: 24380 | X46: 14090 | Y46: 3990 | Z46: 13355 | AA46: 247.19 | AB46: 30.86 | AC46: 78.52 | AD46: 147.53 | AE46: 219.24 | AF46: 74864.1 | AG46: 2351.41
A47: 03/15/2026 | J47: 1469 | AF47: 72816 | AG47: 2178.61
A48: 03/14/2026 | J48: 1476 | AF48: 71203.1 | AG48: 2096
A49: 03/13/2026 | B49: 110740 | C49: 1074375 | D49: 1061250 | E49: 100.52 | F49: 78.53 | G49: 99.75 | H49: 76.92 | I49: 100.29 | J49: 1472 | K49: 1501.48 | L49: 33950 | M49: 10910 | N49: 10160 | O49: 59.62 | P49: 55.29 | Q49: 49.93 | R49: 13025 | S49: 20330 | T49: 25030 | U49: 46200 | V49: 22625 | W49: 24330 | X49: 14060 | Y49: 4080 | Z49: 13785 | AA49: 244.45 | AB49: 30.8 | AC49: 77.74 | AD49: 139.67 | AE49: 217.54 | AF49: 70957 | AG49: 2092.62
A50: 03/12/2026 | B50: 110715 | C50: 1074290 | D50: 1061130 | E50: 100.49 | F50: 79.46 | G50: 100.01 | H50: 79 | I50: 101.84 | J50: 1465 | K50: 1493 | L50: 33945 | M50: 10840 | N50: 10090 | O50: 59.63 | P50: 55.55 | Q50: 49.92 | R50: 13100 | S50: 20330 | T50: 24970 | U50: 46890 | V50: 22575 | W50: 24350 | X50: 13980 | Y50: 3960 | Z50: 13835 | AA50: 245.94 | AB50: 30.82 | AC50: 78.38 | AD50: 137.34 | AE50: 218.09 | AF50: 70494.1 | AG50: 2073.08
A51: 03/11/2026 | B51: 110705 | C51: 1074045 | D51: 1060910 | E51: 100.48 | F51: 80.03 | G51: 100.03 | H51: 79.3 | I51: 102.38 | J51: 1464 | K51: 1477.86 | L51: 34020 | M51: 10800 | N51: 10160 | O51: 59.81 | P51: 55.7 | Q51: 49.94 | R51: 13185 | S51: 20155 | T51: 25010 | U51: 47400 | V51: 22610 | W51: 24335 | X51: 13920 | Y51: 3885 | Z51: 13630 | AA51: 250.21 | AB51: 31 | AC51: 79.59 | AD51: 138.33 | AE51: 220.99 | AF51: 70190.1 | AG51: 2051.85
A52: 03/10/2026 | B52: 110700 | C52: 1073960 | D52: 1060805 | E52: 100.46 | F52: 79.55 | G52: 100.02 | H52: 79.05 | I52: 102.74 | J52: 1463 | K52: 1473.38 | L52: 33930 | M52: 10850 | N52: 10265 | O52: 59.97 | P52: 56.35 | Q52: 49.92 | R52: 13175 | S52: 20535 | T52: 25020 | U52: 46880 | V52: 22620 | W52: 24330 | X52: 13945 | Y52: 3870 | AA52: 250.27 | AB52: 30.9 | AC52: 79.67 | AD52: 138.46 | AE52: 221.66 | AF52: 69951.9 | AG52: 2036.72
A53: 03/09/2026 | B53: 110690 | C53: 1073880 | D53: 1060735 | E53: 100.46 | F53: 78.75 | G53: 100.06 | H53: 78.83 | I53: 101.48 | J53: 1467 | K53: 1461.75 | L53: 33865 | M53: 10960 | N53: 10300 | O53: 60.1 | P53: 56.86 | Q53: 49.97 | R53: 13175 | S53: 20215 | T53: 24895 | U53: 44165 | V53: 22495 | W53: 24080 | X53: 13995 | Y53: 3740 | AA53: 250.21 | AB53: 31.02 | AC53: 79.81 | AD53: 138.95 | AE53: 222.76 | AF53: 68435.5 | AG53: 1994.03
A54: 03/08/2026 | J54: 1482 | AF54: 65972.6 | AG54: 1937.16
A55: 03/07/2026 | J55: 1477 | AF55: 67258.9 | AG55: 1969.29
A56: 03/06/2026 | B56: 110685 | C56: 1073795 | D56: 1060675 | E56: 100.45 | F56: 78.97 | G56: 100.02 | H56: 78.82 | I56: 100.02 | J56: 1479 | K56: 1482.03 | L56: 33830 | M56: 10870 | N56: 10265 | O56: 60 | P56: 56.45 | Q56: 49.99 | R56: 13295 | S56: 20920 | T56: 25310 | U56: 47250 | V56: 22885 | W56: 24575 | X56: 14040 | Y56: 3865 | AA56: 246.97 | AB56: 31.13 | AC56: 79.13 | AD56: 133.53 | AE56: 221.52 | AF56: 68123.9 | AG56: 1978.49
A57: 03/05/2026 | B57: 110660 | C57: 1073710 | D57: 1060565 | E57: 100.41 | F57: 79.65 | G57: 100.01 | H57: 79.74 | I57: 100.56 | J57: 1467 | K57: 1481.15 | L57: 33930 | M57: 10835 | N57: 10200 | O57: 60 | P57: 56.63 | Q57: 49.87 | R57: 13510 | S57: 19945 | T57: 25200 | U57: 47265 | V57: 22785 | W57: 24340 | X57: 13980 | Y57: 3885 | AA57: 250.72 | AB57: 31.26 | AC57: 80.17 | AD57: 139.81 | AE57: 223.45 | AF57: 70887.5 | AG57: 2072.9
A58: 03/04/2026 | B58: 110650 | C58: 1073465 | D58: 1060315 | E58: 100.4 | F58: 81.79 | G58: 100.05 | H58: 79.74 | I58: 100.91 | J58: 1449 | K58: 1462.32 | L58: 33965 | M58: 10920 | N58: 10315 | O58: 60.12 | P58: 56.87 | Q58: 49.82 | R58: 13415 | S58: 17420 | T58: 25085 | U58: 42945 | V58: 22675 | W58: 24005 | X58: 13985 | Y58: 3630 | AA58: 251.37 | AB58: 31.54 | AC58: 80.62 | AD58: 146.44 | AE58: 225.52 | AF58: 72768.7 | AG58: 2129.34
A59: 03/03/2026 | B59: 110640 | C59: 1073385 | D59: 1060245 | E59: 100.4 | F59: 79.74 | G59: 100.01 | H59: 78.35 | I59: 100 | J59: 1469 | K59: 1480.86 | L59: 34970 | M59: 10855 | N59: 10250 | O59: 60.22 | P59: 57.03 | Q59: 49.88 | R59: 13760 | S59: 20405 | T59: 25075 | U59: 48985 | V59: 22640 | W59: 24070 | X59: 13905 | Y59: 3940 | AA59: 247.72 | AB59: 31.59 | AC59: 80.05 | AD59: 132.68 | AE59: 225.18 | AF59: 68318.5 | AG59: 1982.78
A60: 03/02/2026 | E60: 100.38 | F60: 80.1 | G60: 100 | H60: 78.25 | I60: 100.93 | J60: 1462 | K60: 1453.65 | O60: 60.27 | P60: 57.14 | Q60: 49.88 | AA60: 250.36 | AB60: 31.86 | AC60: 80.77 | AD60: 137.65 | AE60: 227.15 | AF60: 68790.8 | AG60: 2026.55
A61: 03/01/2026 | J61: 1459 | AF61: 65763.3 | AG61: 1939.43
A62: 02/28/2026 | J62: 1458 | AF62: 66995 | AG62: 1964.99
A63: 02/27/2026 | B63: 110635 | C63: 1073310 | D63: 1060200 | E63: 100.64 | F63: 78.34 | G63: 100 | H63: 77.52 | I63: 98.56 | J63: 1460 | K63: 1439.8 | L63: 33530 | M63: 10690 | N63: 10160 | O63: 60.73 | P63: 57.84 | Q63: 49.9 | R63: 13545 | S63: 21525 | T63: 24830 | U63: 53235 | V63: 22445 | W63: 23830 | X63: 13715 | Y63: 4090 | AA63: 250.06 | AB63: 31.77 | AC63: 80.76 | AD63: 129.5 | AE63: 227.7 | AF63: 65870.2 | AG63: 1930.29
A64: 02/26/2026 | B64: 110605 | C64: 1073230 | D64: 1060090 | E64: 100.62 | F64: 80.44 | G64: 100 | H64: 77.79 | I64: 100.94 | J64: 1445 | K64: 1432.14 | L64: 33290 | M64: 10570 | N64: 10010 | O64: 60.55 | P64: 57.54 | Q64: 49.85 | R64: 13460 | S64: 21430 | T64: 24800 | U64: 53755 | V64: 22415 | W64: 23915 | X64: 13645 | Y64: 4075 | AA64: 250.88 | AB64: 31.51 | AC64: 81.13 | AD64: 133.4 | AE64: 227.43 | AF64: 67482.1 | AG64: 2027.58
A65: 02/25/2026 | B65: 110845 | C65: 1075515 | D65: 1059760 | E65: 100.6 | F65: 80.59 | G65: 99.96 | H65: 77.6 | I65: 100.99 | J65: 1441 | K65: 1426.69 | L65: 33480 | M65: 10620 | N65: 10050 | O65: 60.42 | P65: 57.32 | Q65: 49.79 | R65: 13465 | S65: 20570 | T65: 24705 | U65: 51365 | V65: 22335 | W65: 23715 | X65: 13655 | Y65: 4150 | AA65: 253.83 | AB65: 31.51 | AC65: 81.56 | AD65: 135.65 | AE65: 227.64 | AF65: 67978.8 | AG65: 2056.43
A66: 02/24/2026 | B66: 110835 | C66: 1075435 | D66: 1059665 | E66: 100.59 | F66: 78.23 | G66: 99.91 | H66: 75.92 | I66: 99.84 | J66: 1464 | K66: 1441.42 | L66: 33780 | M66: 10715 | N66: 10125 | O66: 60.46 | P66: 57.32 | Q66: 49.76 | R66: 13455 | S66: 20570 | T66: 24780 | U66: 50390 | V66: 22405 | W66: 23730 | X66: 13750 | Y66: 4230 | AA66: 250.31 | AB66: 31.64 | AC66: 80.89 | AD66: 124.61 | AE66: 226.77 | AF66: 64048.8 | AG66: 1851.68
A67: 02/23/2026 | B67: 110830 | C67: 1075350 | D67: 1059600 | E67: 100.59 | F67: 78.7 | G67: 99.84 | H67: 75.99 | I67: 100.1 | J67: 1474 | K67: 1444.2 | L67: 33575 | M67: 10685 | N67: 10100 | O67: 60.5 | P67: 57.26 | Q67: 49.77 | R67: 13505 | S67: 20375 | T67: 24775 | U67: 49165 | V67: 22400 | W67: 23700 | X67: 13715 | Y67: 4230 | AA67: 247.65 | AB67: 31.53 | AC67: 80.29 | AD67: 123.71 | AE67: 225.78 | AF67: 64662.7 | AG67: 1856.79
A68: 02/22/2026 | J68: 1472 | AF68: 67642.9 | AG68: 1957.86
A69: 02/21/2026 | J69: 1470 | AF69: 68011.1 | AG69: 1974.23
A70: 02/20/2026 | B70: 110825 | C70: 1075265 | D70: 1059545 | E70: 100.57 | F70: 80.02 | G70: 99.82 | H70: 77.25 | I70: 100.96 | J70: 1473 | K70: 1446.19 | L70: 32865 | M70: 10740 | N70: 10180 | O70: 60.32 | P70: 57.05 | Q70: 49.74 | R70: 13260 | S70: 20630 | T70: 24975 | U70: 48800 | V70: 22575 | W70: 23900 | X70: 13800 | Y70: 4205 | AA70: 250.67 | AB70: 31.61 | AC70: 81.11 | AD70: 131.05 | AE70: 227.57 | AF70: 68023.5 | AG70: 1969.13
A71: 02/19/2026 | B71: 110805 | C71: 1075185 | D71: 1059445 | E71: 100.55 | F71: 78.9 | G71: 99.66 | H71: 76.42 | I71: 100.86 | J71: 1475 | K71: 1449.52 | L71: 32635 | M71: 10705 | N71: 10125 | O71: 60.3 | P71: 57.16 | Q71: 49.74 | R71: 13235 | S71: 20745 | T71: 24970 | U71: 47715 | V71: 22575 | W71: 23940 | X71: 13805 | Y71: 4175 | AA71: 248.51 | AB71: 31.57 | AC71: 80.55 | AD71: 129.45 | AE71: 227.11 | AF71: 66978.9 | AG71: 1948.96
A72: 02/18/2026 | E72: 100.54 | F72: 78.3 | G72: 99.5 | H72: 76.22 | I72: 100.61 | J72: 1484 | K72: 1442.48 | O72: 60.27 | P72: 57.09 | Q72: 49.71 | AA72: 249.38 | AB72: 31.56 | AC72: 80.75 | AD72: 125.2 | AE72: 227.95 | AF72: 66473.2 | AG72: 1955.79
A73: 02/17/2026 | E73: 100.52 | F73: 78.45 | G73: 99.33 | H73: 76.01 | I73: 100.29 | J73: 1481 | K73: 1444.61 | O73: 60.35 | P73: 57.29 | Q73: 49.69 | AA73: 247.57 | AB73: 31.42 | AC73: 80.33 | AD73: 128.67 | AE73: 227.18 | AF73: 67490.9 | AG73: 1991.37
A74: 02/16/2026 | J74: 1481 | K74: 1444.34 | AF74: 68890.7 | AG74: 1998.79
A75: 02/15/2026 | J75: 1483 | AF75: 68813.8 | AG75: 1966.2
A76: 02/14/2026 | J76: 1472 | AF76: 69784.4 | AG76: 2086
A77: 02/13/2026 | B77: 110795 | C77: 1074950 | D77: 1059280 | E77: 100.52 | F77: 78 | G77: 99.8 | H77: 76.36 | I77: 99.75 | J77: 1463 | K77: 1440.56 | L77: 32420 | M77: 10685 | N77: 10090 | O77: 60.39 | P77: 57.18 | Q77: 49.77 | R77: 13140 | S77: 19330 | T77: 24690 | U77: 46310 | V77: 22325 | W77: 23620 | X77: 13745 | Y77: 4090 | AA77: 247.83 | AB77: 31.61 | AC77: 80.2 | AD77: 133.88 | AE77: 227.26 | AF77: 68883.4 | AG77: 2049.3
A78: 02/12/2026 | B78: 110745 | C78: 1074870 | D78: 1059115 | E78: 100.48 | F78: 75.72 | G78: 100.03 | H78: 75.25 | I78: 98.25 | J78: 1468 | K78: 1440.16 | L78: 33050 | M78: 10590 | N78: 9940 | O78: 60.21 | P78: 56.9 | Q78: 49.74 | R78: 13150 | S78: 19710 | T78: 25135 | U78: 46350 | V78: 22720 | W78: 24130 | X78: 13820 | Y78: 4115 | AA78: 247.32 | AB78: 31.34 | AC78: 80.16 | AD78: 123 | AE78: 226.52 | AF78: 66248.7 | AG78: 1947.86
A79: 02/11/2026 | B79: 110730 | C79: 1074385 | D79: 1058640 | E79: 100.46 | F79: 76.75 | G79: 100 | H79: 75 | I79: 97.8 | J79: 1478 | K79: 1446.12 | L79: 33215 | M79: 10695 | N79: 10050 | O79: 59.96 | P79: 56.23 | Q79: 49.69 | R79: 13240 | S79: 19505 | T79: 25275 | U79: 44735 | V79: 22855 | W79: 24245 | X79: 13945 | Y79: 4170 | AA79: 252.43 | AB79: 31.64 | AC79: 81.42 | AD79: 126.07 | AE79: 229.36 | AF79: 67048.8 | AG79: 1942.16
A80: 02/10/2026 | B80: 110720 | C80: 1074300 | D80: 1058570 | E80: 100.46 | F80: 77.15 | G80: 99.67 | H80: 74.85 | I80: 97.68 | J80: 1483 | K80: 1456.56 | L80: 33260 | M80: 10705 | N80: 10010 | O80: 60.08 | P80: 56.5 | Q80: 49.74 | R80: 13055 | S80: 19465 | T80: 25445 | U80: 44365 | V80: 23005 | W80: 24420 | X80: 14020 | Y80: 4080 | AA80: 251.78 | AB80: 31.3 | AC80: 81.43 | AD80: 133 | AE80: 229.08 | AF80: 68810.3 | AG80: 2020.18
A81: 02/09/2026 | B81: 110720 | C81: 1074215 | D81: 1058500 | E81: 100.45 | F81: 76.75 | G81: 99.72 | H81: 73.25 | I81: 98.02 | J81: 1477 | K81: 1457.66 | L81: 33360 | M81: 10690 | N81: 9945 | O81: 59.93 | P81: 55.94 | Q81: 49.73 | R81: 13025 | S81: 19980 | T81: 25380 | U81: 44335 | V81: 22945 | W81: 24295 | X81: 14000 | Y81: 4090 | AA81: 252.93 | AB81: 31.35 | AC81: 81.65 | AD81: 138.44 | AE81: 229.69 | AF81: 70127.9 | AG81: 2104.66
A82: 02/08/2026 | J82: 1487 | AF82: 70342 | AG82: 2090.37
A83: 02/07/2026 | J83: 1481 | AF83: 69319.5 | AG83: 2091.88
A84: 02/06/2026 | B84: 110710 | C84: 1074130 | D84: 1058425 | E84: 100.43 | F84: 76.59 | G84: 98.76 | H84: 71.5 | I84: 97.76 | J84: 1488 | K84: 1463.56 | L84: 32530 | M84: 10785 | N84: 10050 | O84: 59.9 | P84: 55.92 | Q84: 49.7 | R84: 12640 | S84: 18930 | T84: 25000 | U84: 42505 | V84: 22605 | W84: 23885 | X84: 13930 | Y84: 4090 | AA84: 251.01 | AB84: 31.47 | AC84: 81.27 | AD84: 134.93 | AE84: 229.53 | AF84: 70555.7 | AG84: 2063.22
A85: 02/05/2026 | B85: 110685 | C85: 1074045 | D85: 1058315 | E85: 100.4 | F85: 72.25 | G85: 93.67 | H85: 68.23 | I85: 93.3 | J85: 1478 | K85: 1471.71 | L85: 33020 | M85: 10715 | N85: 9955 | O85: 59.93 | P85: 55.91 | Q85: 49.68 | R85: 12665 | S85: 19550 | T85: 25330 | U85: 42980 | V85: 22890 | W85: 24280 | X85: 14025 | Y85: 4190 | AA85: 245.83 | AB85: 30.97 | AC85: 79.71 | AD85: 106.99 | AE85: 224.62 | AF85: 62857.9 | AG85: 1826.72
A86: 02/04/2026 | B86: 110680 | C86: 1073815 | D86: 1058100 | E86: 100.4 | F86: 78.95 | G86: 97.99 | H86: 72.43 | I86: 97.98 | J86: 1476 | K86: 1462.12 | L86: 34155 | M86: 10580 | N86: 9840 | O86: 59.65 | P86: 55.35 | Q86: 49.63 | R86: 12495 | S86: 20440 | T86: 25180 | U86: 44875 | V86: 22760 | W86: 24390 | X86: 13880 | Y86: 4140 | AA86: 249.38 | AB86: 31.01 | AC86: 80.74 | AD86: 129.09 | AE86: 226.54 | AF86: 73137 | AG86: 2147.63
A87: 02/03/2026 | B87: 110670 | C87: 1073730 | D87: 1058005 | E87: 100.39 | F87: 81.25 | G87: 98.46 | H87: 70.88 | I87: 97.4 | J87: 1478 | K87: 1450.44 | L87: 33210 | M87: 10540 | N87: 9790 | O87: 59.65 | P87: 55.47 | Q87: 49.67 | R87: 12450 | S87: 20550 | T87: 25345 | U87: 44280 | V87: 22910 | W87: 24815 | X87: 13930 | Y87: 4025 | AA87: 253.81 | AB87: 30.5 | AC87: 81.13 | AD87: 133.26 | AE87: 225.33 | AF87: 75724.8 | AG87: 2233.65
A88: 02/02/2026 | B88: 110665 | C88: 1073645 | D88: 1057940 | E88: 100.37 | F88: 81.1 | G88: 99.05 | H88: 70.94 | I88: 98 | J88: 1483 | K88: 1454.47 | L88: 30900 | M88: 10720 | N88: 9995 | O88: 59.63 | P88: 55.38 | Q88: 49.64 | R88: 12495 | S88: 19705 | T88: 25120 | U88: 41155 | V88: 22705 | W88: 24405 | X88: 13960 | Y88: 3860 | AA88: 257.82 | AB88: 30 | AC88: 81.84 | AD88: 139.63 | AE88: 226.23 | AF88: 78720.6 | AG88: 2345.93
A89: 02/01/2026 | J89: 1475 | AF89: 76976.1 | AG89: 2269.75
A90: 01/31/2026 | J90: 1493 | AF90: 78726.5 | AG90: 2449.82
A91: 01/30/2026 | B91: 110655 | C91: 1073565 | D91: 1057890 | E91: 100.67 | F91: 84.99 | G91: 98.99 | H91: 72.84 | I91: 100 | J91: 1485 | K91: 1450.8 | L91: 35440 | M91: 10500 | N91: 9785 | O91: 59.9 | P91: 55.73 | Q91: 49.73 | R91: 12405 | S91: 20900 | T91: 24955 | U91: 43735 | V91: 22550 | W91: 24495 | X91: 13755 | Y91: 3985 | AA91: 256.05 | AB91: 29.82 | AC91: 81.4 | AD91: 149.71 | AE91: 224.02 | AF91: 84235.5 | AG91: 2707.26
A92: 01/29/2026 | B92: 110630 | C92: 1073495 | D92: 1057770 | E92: 100.65 | F92: 81.82 | G92: 98.19 | H92: 71.66 | I92: 96.5 | J92: 1466 | K92: 1431.7 | L92: 37890 | M92: 10410 | N92: 9700 | O92: 59.88 | P92: 55.97 | Q92: 49.67 | R92: 12395 | S92: 21355 | T92: 24970 | U92: 43540 | V92: 22580 | W92: 24705 | X92: 13655 | Y92: 4070 | AA92: 259.14 | AB92: 29.37 | AC92: 81.65 | AD92: 143.19 | AE92: 224.31 | AF92: 84667.1 | AG92: 2822.63
A93: 01/28/2026 | B93: 110875 | C93: 1075850 | D93: 1057555 | E93: 100.64 | F93: 84.15 | G93: 98.99 | H93: 76.68 | I93: 97.9 | J93: 1447 | K93: 1430.38 | L93: 35315 | M93: 10450 | N93: 9785 | O93: 59.81 | P93: 55.95 | Q93: 49.61 | R93: 12440 | S93: 20750 | T93: 25030 | U93: 43000 | V93: 22695 | W93: 24755 | X93: 13675 | Y93: 3950 | AA93: 260.76 | AB93: 29.3 | AC93: 81.83 | AD93: 158.45 | AE93: 223.92 | AF93: 89253.2 | AG93: 3010.7
A94: 01/27/2026 | B94: 110870 | C94: 1075770 | D94: 1057470 | E94: 100.62 | F94: 84.8 | G94: 99.16 | H94: 76.81 | I94: 100.06 | J94: 1452 | K94: 1431.95 | L94: 34205 | M94: 10605 | N94: 9980 | O94: 59.84 | P94: 56.07 | Q94: 49.58 | R94: 12565 | S94: 19320 | T94: 25265 | U94: 42270 | V94: 22925 | W94: 24840 | X94: 13890 | Y94: 4005 | AA94: 259.85 | AB94: 29.37 | AC94: 81.85 | AD94: 161.58 | AE94: 224.45 | AF94: 89224.7 | AG94: 3026.7
A95: 01/26/2026 | B95: 110860 | C95: 1075690 | D95: 1057380 | E95: 100.62 | F95: 84.47 | G95: 99.05 | H95: 76.66 | I95: 100 | J95: 1467 | K95: 1445.86 | L95: 33380 | M95: 10585 | N95: 9960 | O95: 59.85 | P95: 56.36 | Q95: 49.53 | R95: 12605 | S95: 18810 | T95: 25010 | U95: 40825 | V95: 22680 | W95: 24515 | X95: 13760 | Y95: 3995 | AA95: 257.54 | AB95: 29.18 | AC95: 81.51 | AD95: 160.58 | AE95: 224.58 | AF95: 88331.3 | AG95: 2930.13
A96: 01/25/2026 | J96: 1482 | AF96: 86642 | AG96: 2818.39
A97: 01/24/2026 | J97: 1476 | AF97: 89254.9 | AG97: 2953.25
A98: 01/23/2026 | B98: 110855 | C98: 1075610 | D98: 1057345 | E98: 100.61 | F98: 85.81 | G98: 99.5 | H98: 76.78 | I98: 101.4 | J98: 1472 | K98: 1446.36 | L98: 32875 | M98: 10750 | N98: 10095 | O98: 59.79 | P98: 56.11 | Q98: 49.53 | R98: 12560 | S98: 16885 | T98: 25515 | U98: 41230 | V98: 23130 | W98: 24955 | X98: 14040 | Y98: 3895 | AA98: 256.4 | AB98: 29.14 | AC98: 81.1 | AD98: 163.11 | AE98: 223.14 | AF98: 89580.6 | AG98: 2956.47
A99: 01/22/2026 | B99: 110830 | C99: 1075530 | D99: 1057260 | E99: 100.58 | F99: 85.46 | G99: 99.71 | H99: 76.84 | I99: 101.23 | J99: 1484 | K99: 1464.13 | L99: 32175 | M99: 10760 | N99: 10045 | O99: 59.74 | P99: 56 | Q99: 49.46 | R99: 12655 | S99: 16210 | T99: 25410 | U99: 40990 | V99: 23030 | W99: 24795 | X99: 14005 | Y99: 3805 | AA99: 255.59 | AB99: 29.17 | AC99: 81.06 | AD99: 160.98 | AE99: 224.07 | AF99: 89520.5 | AG99: 2952.71
A100: 01/21/2026 | B100: 110820 | C100: 1075305 | D100: 1057020 | E100: 100.56 | F100: 84.4 | G100: 99.55 | H100: 76.68 | I100: 101.69 | J100: 1481 | K100: 1465.12 | L100: 32380 | M100: 10750 | N100: 10015 | O100: 59.77 | P100: 55.8 | Q100: 49.5 | R100: 12615 | S100: 15755 | T100: 25205 | U100: 40525 | V100: 22850 | W100: 24555 | X100: 13985 | Y100: 3775 | AA100: 253.7 | AB100: 29.15 | AC100: 80.64 | AD100: 163.81 | AE100: 223.88 | AF100: 89433.8 | AG100: 2982.26
...

Sheet Volume
A1: Date | B1: 423160 | C1: 459580 | D1: 475630 | E1: SGOV | F1: Strategy Prf | G1: Strategy Prf A | H1: Strategy Prf D | I1: Strategy Prf F | J1: USDT_KRW Upbit | K1: 411060 | L1: 0085P0 | M1: 476760 | N1: VGIT | O1: VGLT | P1: VTIP | Q1: 182480 | R1: 232080 | S1: 360200 | T1: 361580 | U1: 379800 | V1: 379810 | W1: 438080 | X1: UB Care | Y1: 0163Y0 | Z1: QQQM | AA1: SCHD | AB1: SPYM | AC1: Strategy | AD1: VIG | AE1: Bitcoin | AF1: Ethereum
A2: 04/29/2026 | B2: 87650 | C2: 257082 | D2: 16083 | E2: 13143600 | J2: 45604205 | K2: 1665518 | L2: 304673 | M2: 304305 | N2: 2391000 | O2: 1617900 | P2: 3982300 | Q2: 15248 | R2: 3648332 | S2: 343926 | T2: 111115 | U2: 9703852 | V2: 2222476 | W2: 436832 | X2: 130714 | Y2: 1698407 | Z2: 2783900 | AA2: 15827500 | AB2: 5970700 | AC2: 13758700 | AD2: 634000 | AE2: 33763131392 | AF2: 14832651264
A3: 04/28/2026 | B3: 105848 | C3: 321112 | D3: 21151 | E3: 14179800 | J3: 64463314 | K3: 2101445 | L3: 168641 | M3: 437432 | N3: 3622500 | O3: 1278900 | P3: 2134200 | Q3: 23261 | R3: 3033109 | S3: 392630 | T3: 58228 | U3: 9004712 | V3: 3539018 | W3: 502936 | X3: 149183 | Y3: 2348434 | Z3: 2548900 | AA3: 19412400 | AB3: 6702000 | AC3: 13192100 | AD3: 980400 | AE3: 32246755328 | AF3: 14489027584
A4: 04/27/2026 | B4: 418317 | C4: 342422 | D4: 24783 | E4: 16619600 | J4: 53239990 | K4: 1926980 | L4: 173383 | M4: 613021 | N4: 5077000 | O4: 1015500 | P4: 1830200 | Q4: 27815 | R4: 4700103 | S4: 620765 | T4: 173831 | U4: 12779883 | V4: 4452083 | W4: 674109 | X4: 196621 | Y4: 3376301 | Z4: 4119500 | AA4: 19277400 | AB4: 7849600 | AC4: 14066300 | AD4: 856400 | AE4: 29738954752 | AF4: 14676025344
A5: 04/26/2026 | E5: 16619600 | J5: 47830344 | N5: 5077000 | O5: 1015500 | P5: 1830200 | Z5: 4119500 | AA5: 19277400 | AB5: 7849600 | AC5: 14066300 | AD5: 856400 | AE5: 16415970304 | AF5: 7258625024
A6: 04/25/2026 | E6: 16619600 | J6: 48244531 | N6: 5077000 | O6: 1015500 | P6: 1830200 | Z6: 4119500 | AA6: 19277400 | AB6: 7849600 | AC6: 14066300 | AD6: 856400 | AE6: 30157539328 | AF6: 11489953792
A7: 04/24/2026 | B7: 394758 | C7: 299992 | D7: 15725 | E7: 14468700 | J7: 53905483 | K7: 1629066 | L7: 184241 | M7: 311262 | N7: 2356700 | O7: 1594600 | P7: 2834200 | Q7: 30647 | R7: 4209409 | S7: 404098 | T7: 35603 | U7: 14704551 | V7: 4285361 | W7: 564310 | X7: 123626 | Y7: 2667686 | Z7: 4085800 | AA7: 16770500 | AB7: 11433700 | AC7: 19446300 | AD7: 1021200 | AE7: 37218836480 | AF7: 17283524608
A8: 04/23/2026 | B8: 443981 | C8: 264942 | D8: 17197 | E8: 1962552 | J8: 68385864 | K8: 1740322 | L8: 241501 | M8: 315598 | N8: 334635 | O8: 161160 | P8: 89320 | Q8: 15687 | R8: 4013734 | S8: 494936 | T8: 92498 | U8: 18369145 | V8: 7722667 | W8: 470304 | X8: 114126 | Y8: 3292221 | Z8: 498663 | AA8: 2487599 | AB8: 1100430 | AC8: 2389321 | AD8: 52811 | AE8: 42982682624 | AF8: 20749443072
A9: 04/22/2026 | B9: 380692 | C9: 246722 | D9: 23243 | E9: 13857000 | J9: 67238990 | K9: 1376002 | L9: 118839 | M9: 278044 | N9: 2088300 | O9: 1171700 | P9: 1381900 | Q9: 22778 | R9: 3094879 | S9: 491281 | T9: 39788 | U9: 12639685 | V9: 4340335 | W9: 458644 | X9: 194309 | Y9: 2375811 | Z9: 3184200 | AA9: 17862400 | AB9: 11091400 | AC9: 22007800 | AD9: 811100 | AE9: 43896451072 | AF9: 20925952000
A10: 04/21/2026 | B10: 376041 | C10: 240379 | D10: 20142 | E10: 19015500 | J10: 52139584 | K10: 1276117 | L10: 121819 | M10: 187222 | N10: 1798800 | O10: 1001100 | P10: 1779800 | Q10: 25945 | R10: 3391175 | S10: 456992 | T10: 41383 | U10: 15872798 | V10: 4677901 | W10: 510979 | X10: 207423 | Y10: 2703020 | Z10: 2844200 | AA10: 17212100 | AB10: 10754000 | AC10: 22067200 | AD10: 1146400 | AE10: 37588004864 | AF10: 18054975488
A11: 04/20/2026 | B11: 368799 | C11: 253727 | D11: 19383 | E11: 20507900 | J11: 71453328 | K11: 1369852 | L11: 193454 | M11: 258547 | N11: 2077700 | O11: 1501100 | P11: 1869100 | Q11: 22508 | R11: 2682619 | S11: 779573 | T11: 161181 | U11: 16131404 | V11: 4702526 | W11: 559298 | X11: 290627 | Y11: 2241902 | Z11: 3087300 | AA11: 20078900 | AB11: 10923700 | AC11: 52025900 | AD11: 1003600 | AE11: 33511088128 | AF11: 17192800256
A12: 04/19/2026 | E12: 20507900 | J12: 44755273 | N12: 2077700 | O12: 1501100 | P12: 1869100 | Z12: 3087300 | AA12: 20078900 | AB12: 10923700 | AC12: 52025900 | AD12: 1003600 | AE12: 26062688256 | AF12: 14171198464
A13: 04/18/2026 | E13: 19913441 | J13: 77986368 | N13: 2077704 | O13: 1501064 | P13: 1868158 | Z13: 3079789 | AA13: 20006357 | AB13: 10920225 | AC13: 51836230 | AD13: 1003557 | AE13: 52618678272 | AF13: 26238980096
A14: 04/17/2026 | B14: 428111 | C14: 335009 | D14: 28105 | E14: 16340900 | J14: 74107914 | K14: 1077490 | L14: 154283 | M14: 330856 | N14: 2241100 | O14: 1059400 | P14: 1547200 | Q14: 20105 | R14: 2076719 | S14: 1001911 | T14: 53821 | U14: 20001113 | V14: 3506517 | W14: 422046 | X14: 200148 | Y14: 2136798 | Z14: 2714600 | AA14: 17370900 | AB14: 9259900 | AC14: 17568600 | AD14: 819000 | AE14: 38779744256 | AF14: 20091017216
A15: 04/16/2026 | B15: 458932 | C15: 251564 | D15: 24949 | E15: 19570600 | J15: 57216588 | K15: 1503918 | L15: 145481 | M15: 246801 | N15: 1665600 | O15: 655200 | P15: 2615400 | Q15: 14478 | R15: 1887981 | S15: 1228087 | T15: 356766 | U15: 22846526 | V15: 9122672 | W15: 439013 | X15: 372166 | Y15: 2063914 | Z15: 4085800 | AA15: 18957500 | AB15: 7983800 | AC15: 13736800 | AD15: 974800 | AE15: 38480834560 | AF15: 17057978368
A16: 04/15/2026 | B16: 479529 | C16: 268663 | D16: 20473 | E16: 29760800 | J16: 76098926 | K16: 1550689 | L16: 116523 | M16: 279323 | N16: 2789600 | O16: 703900 | P16: 1653900 | Q16: 18111 | R16: 2557837 | S16: 853508 | T16: 228834 | U16: 22968179 | V16: 5516306 | W16: 486969 | X16: 263059 | Y16: 2874684 | Z16: 5655100 | AA16: 18629200 | AB16: 6486400 | AC16: 20575500 | AD16: 849700 | AE16: 50782285824 | AF16: 22665617408
A17: 04/14/2026 | B17: 467518 | C17: 342946 | D17: 30665 | E17: 20052800 | J17: 79527921 | K17: 1290798 | L17: 129718 | M17: 260079 | N17: 1798700 | O17: 1023300 | P17: 1520300 | Q17: 14084 | R17: 1802076 | S17: 416960 | T17: 209952 | U17: 13222149 | V17: 7812184 | W17: 382648 | X17: 429425 | Y17: 1833832 | Z17: 2650200 | AA17: 19365000 | AB17: 8351100 | AC17: 12370800 | AD17: 1106800 | AE17: 51496124416 | AF17: 26388662272
A18: 04/13/2026 | B18: 377677 | C18: 408260 | D18: 24640 | E18: 18632500 | J18: 35553201 | K18: 931627 | L18: 154707 | M18: 193381 | N18: 2069200 | O18: 1196000 | P18: 1368500 | Q18: 15031 | R18: 1679468 | S18: 818819 | T18: 62515 | U18: 17644166 | V18: 11635233 | W18: 378322 | X18: 323472 | Y18: 1743546 | Z18: 2152400 | AA18: 19600500 | AB18: 10499600 | AC18: 13056400 | AD18: 775300 | AE18: 31244175360 | AF18: 12960235520
A19: 04/12/2026 | E19: 18632500 | J19: 36343255 | N19: 2069200 | O19: 1196000 | P19: 1368500 | Z19: 2152400 | AA19: 19600500 | AB19: 10499600 | AC19: 13056400 | AD19: 775300 | AE19: 26668367872 | AF19: 15391669248
A20: 04/11/2026 | E20: 18632500 | J20: 40046514 | N20: 2069200 | O20: 1196000 | P20: 1368500 | Z20: 2152400 | AA20: 19600500 | AB20: 10499600 | AC20: 13056400 | AD20: 775300 | AE20: 35748843520 | AF20: 15758045184
A21: 04/10/2026 | B21: 388472 | C21: 281526 | D21: 20225 | E21: 17627300 | J21: 51134258 | K21: 1081460 | L21: 187534 | M21: 310643 | N21: 1636900 | O21: 1181100 | P21: 1865600 | Q21: 16571 | R21: 1721813 | S21: 549420 | T21: 238549 | U21: 13649677 | V21: 8350808 | W21: 337880 | X21: 88460 | Y21: 2654407 | Z21: 2740700 | AA21: 31662900 | AB21: 10821700 | AC21: 14356600 | AD21: 936500 | AE21: 39727886336 | AF21: 18018801664
A22: 04/09/2026 | B22: 422329 | C22: 1062139 | D22: 22037 | E22: 23669681 | J22: 54262102 | K22: 1108820 | L22: 73857 | M22: 159782 | N22: 2343866 | O22: 1319784 | P22: 2519701 | Q22: 21085 | R22: 2731676 | S22: 385715 | T22: 78449 | U22: 16634947 | V22: 3743368 | W22: 331289 | X22: 74282 | Y22: 1906961 | Z22: 5573674 | AA22: 30048876 | AB22: 15424627 | AC22: 17038311 | AD22: 1005473 | AE22: 38292852736 | AF22: 18261708800
A23: 04/08/2026 | B23: 426139 | C23: 467662 | D23: 95548 | E23: 17189201 | J23: 94263892 | K23: 1787815 | L23: 184344 | M23: 449824 | N23: 2900423 | O23: 1821377 | P23: 2126996 | Q23: 78876 | R23: 3229745 | S23: 532527 | T23: 790292 | U23: 17704916 | V23: 7994154 | W23: 575818 | X23: 127674 | Y23: 3314307 | Z23: 2713861 | AA23: 17946976 | AB23: 18726293 | AC23: 13413685 | AD23: 1129479 | AE23: 49017290752 | AF23: 25511000064
A24: 04/07/2026 | B24: 403862 | C24: 287769 | D24: 51847 | E24: 23076600 | J24: 55406273 | K24: 1279483 | L24: 99256 | M24: 276507 | N24: 2518300 | O24: 1376500 | P24: 2894900 | Q24: 7841 | R24: 3010019 | S24: 594926 | T24: 93081 | U24: 13261490 | V24: 5563451 | W24: 373009 | X24: 92003 | Y24: 2916008 | Z24: 2726800 | AA24: 21949800 | AB24: 15007400 | AC24: 18364800 | AD24: 1369000 | AE24: 35623415808 | AF24: 17329305600
A25: 04/06/2026 | B25: 379739 | C25: 302147 | D25: 53003 | E25: 22593000 | J25: 48823176 | K25: 1118437 | L25: 116055 | M25: 469542 | N25: 13322300 | O25: 2063500 | P25: 2781100 | Q25: 11584 | R25: 3198690 | S25: 837899 | T25: 103058 | U25: 14486417 | V25: 8121836 | W25: 399563 | X25: 78099 | Y25: 4531238 | Z25: 2931400 | AA25: 20626200 | AB25: 21992200 | AC25: 17609700 | AD25: 1190900 | AE25: 29413097472 | AF25: 13191326720
A26: 04/05/2026 | E26: 22593000 | J26: 21802173 | N26: 13322300 | O26: 2063500 | P26: 2781100 | Z26: 2931400 | AA26: 20626200 | AB26: 21992200 | AC26: 17609700 | AD26: 1190900 | AE26: 16917640192 | AF26: 7425126400
A27: 04/04/2026 | E27: 22593000 | J27: 25588054 | N27: 13322300 | O27: 2063500 | P27: 2781100 | Z27: 2931400 | AA27: 20626200 | AB27: 21992200 | AC27: 17609700 | AD27: 1190900 | AE27: 18723545088 | AF27: 7981454336
A28: 04/03/2026 | B28: 82232 | C28: 350806 | D28: 57982 | E28: 22308300 | J28: 63006749 | K28: 1031109 | L28: 146920 | M28: 351460 | N28: 13321600 | O28: 2063500 | P28: 2781100 | Q28: 52462 | R28: 2829623 | S28: 320161 | T28: 104653 | U28: 15177459 | V28: 4226690 | W28: 340253 | X28: 79058 | Y28: 2642764 | Z28: 2920200 | AA28: 20574000 | AB28: 21988700 | AC28: 17579000 | AD28: 1190900 | AE28: 33710342144 | AF28: 14650299392
A29: 04/02/2026 | B29: 121893 | C29: 315800 | D29: 73617 | E29: 41018800 | J29: 65735760 | K29: 2700503 | L29: 477392 | M29: 418579 | N29: 3270900 | O29: 2604700 | P29: 3137500 | Q29: 42320 | R29: 4260492 | S29: 631653 | T29: 355715 | U29: 11287955 | V29: 6007941 | W29: 389536 | X29: 288024 | Y29: 4282178 | Z29: 4394300 | AA29: 31957500 | AB29: 30889900 | AC29: 15322400 | AD29: 2038500 | AE29: 38034984960 | AF29: 21228568576
A30: 04/01/2026 | B30: 119413 | C30: 334739 | D30: 59417 | E30: 36601200 | J30: 65833723 | K30: 2227889 | L30: 322432 | M30: 776563 | N30: 4953200 | O30: 2971600 | P30: 3891700 | Q30: 15563 | R30: 3296510 | S30: 638836 | T30: 143423 | U30: 14192936 | V30: 5294606 | W30: 512423 | X30: 209312 | Y30: 3891040 | Z30: 6044000 | AA30: 30403300 | AB30: 30822200 | AC30: 21171200 | AD30: 2594900 | AE30: 42860240896 | AF30: 21609723904
A31: 03/31/2026 | B31: 111161 | C31: 261636 | D31: 58133 | E31: 18921800 | J31: 62567301 | K31: 2681930 | L31: 306951 | M31: 1169585 | N31: 2658900 | O31: 1878500 | P31: 3631300 | Q31: 15317 | R31: 5046064 | S31: 574253 | T31: 159359 | U31: 14489654 | V31: 6013508 | W31: 354888 | X31: 229162 | Y31: 4385174 | Z31: 3795600 | AA31: 30473100 | AB31: 24676900 | AC31: 15733900 | AD31: 1687100 | AE31: 36121321472 | AF31: 16955199488
A32: 03/30/2026 | B32: 206208 | C32: 279596 | D32: 108762 | E32: 19536200 | J32: 45889793 | K32: 1980294 | L32: 279590 | M32: 490917 | N32: 3487800 | O32: 2903300 | P32: 4460400 | Q32: 21992 | R32: 2659413 | S32: 716663 | T32: 427931 | U32: 14170834 | V32: 5192705 | W32: 356885 | X32: 164933 | Y32: 2882542 | Z32: 4885200 | AA32: 23383200 | AB32: 29997400 | AC32: 21430100 | AD32: 1698400 | AE32: 28135385088 | AF32: 13332261888
A33: 03/29/2026 | E33: 19536200 | J33: 23042241 | N33: 3487800 | O33: 2903300 | P33: 4460400 | Z33: 4885200 | AA33: 23383200 | AB33: 29997400 | AC33: 21430100 | AD33: 1698400 | AE33: 19881410560 | AF33: 8541316608
A34: 03/28/2026 | E34: 19536200 | J34: 78785399 | N34: 3487800 | O34: 2903300 | P34: 4460400 | Z34: 4885200 | AA34: 23383200 | AB34: 29997400 | AC34: 21430100 | AD34: 1698400 | AE34: 44203380736 | AF34: 18178652160
A35: 03/27/2026 | B35: 203190 | C35: 357094 | D35: 103758 | E35: 17337800 | J35: 73946475 | K35: 1681295 | L35: 181664 | M35: 419605 | N35: 2800100 | O35: 2351400 | P35: 2622100 | Q35: 8099 | R35: 2320741 | S35: 440575 | T35: 342870 | U35: 8381359 | V35: 5322600 | W35: 381593 | X35: 265419 | Y35: 3800142 | Z35: 4652300 | AA35: 20173000 | AB35: 10900100 | AC35: 15216700 | AD35: 1207500 | AE35: 38136483840 | AF35: 17662779392
A36: 03/26/2026 | B36: 499077 | C36: 282058 | D36: 109371 | E36: 14560702 | J36: 42778470 | K36: 1603454 | L36: 104924 | M36: 242585 | N36: 2331946 | O36: 2727962 | P36: 2406190 | Q36: 11311 | R36: 3624896 | S36: 330962 | T36: 220672 | U36: 12538661 | V36: 3931171 | W36: 414748 | X36: 200882 | Y36: 3857783 | Z36: 3107264 | AA36: 26737815 | AB36: 25321504 | AC36: 18514805 | AD36: 1246277 | AE36: 35343937536 | AF36: 16755169280
A37: 03/25/2026 | B37: 383412 | C37: 248491 | D37: 93184 | E37: 16986969 | J37: 43729633 | K37: 2606646 | L37: 121044 | M37: 267847 | N37: 3614435 | O37: 4330497 | P37: 4138516 | Q37: 13444 | R37: 3404393 | S37: 441962 | T37: 117972 | U37: 10318232 | V37: 4447748 | W37: 320855 | X37: 129420 | Y37: 3258600 | Z37: 4030048 | AA37: 29661242 | AB37: 31394691 | AC37: 18977958 | AD37: 1444286 | AE37: 41029095424 | AF37: 18535809024
A38: 03/24/2026 | B38: 412611 | C38: 252742 | D38: 86174 | E38: 29629090 | J38: 74311795 | K38: 2962071 | L38: 198657 | M38: 219975 | N38: 7553645 | O38: 5234387 | P38: 2938590 | Q38: 12632 | R38: 3672485 | S38: 1365641 | T38: 269121 | U38: 13980719 | V38: 4407384 | W38: 489001 | X38: 188269 | Y38: 3402519 | Z38: 4458633 | AA38: 32923717 | AB38: 33676536 | AC38: 20076030 | AD38: 2072355 | AE38: 48975613952 | AF38: 27863912448
A39: 03/23/2026 | B39: 417529 | C39: 279800 | D39: 92432 | E39: 22176491 | J39: 47842126 | K39: 5400365 | L39: 183948 | M39: 490123 | N39: 3001950 | O39: 17568501 | P39: 2931598 | Q39: 28358 | R39: 4664957 | S39: 956968 | T39: 454026 | U39: 16558026 | V39: 7131738 | W39: 466502 | X39: 331009 | Y39: 5880297 | Z39: 5232434 | AA39: 27317421 | AB39: 19058282 | AC39: 28568296 | AD39: 1618669 | AE39: 31928903680 | AF39: 15181412352
A40: 03/22/2026 | E40: 22176491 | J40: 51073664 | N40: 3001950 | O40: 17568501 | P40: 2920149 | Z40: 5193645 | AA40: 27317421 | AB40: 19058282 | AC40: 28004943 | AD40: 1618669 | AE40: 25447782400 | AF40: 12517040128
A41: 03/21/2026 | E41: 22176491 | J41: 42505799 | N41: 3001850 | O41: 17568501 | P41: 2920149 | Z41: 5193645 | AA41: 27317421 | AB41: 19058282 | AC41: 28004943 | AD41: 1618669 | AE41: 34037966848 | AF41: 15766496256
A42: 03/20/2026 | B42: 392925 | C42: 224645 | D42: 81287 | E42: 19946723 | J42: 67196439 | K42: 3720472 | L42: 170236 | M42: 361943 | N42: 3604391 | O42: 2719301 | P42: 2954735 | Q42: 19775 | R42: 2952687 | S42: 423566 | T42: 28512 | U42: 16593903 | V42: 2231644 | W42: 428908 | X42: 174541 | Y42: 5780000 | Z42: 4631918 | AA42: 28674711 | AB42: 17559742 | AC42: 19144225 | AD42: 2193145 | AE42: 42391838720 | AF42: 22565036032
A43: 03/19/2026 | Y43: 8430000
A44: 03/18/2026 | Y44: 11820000
A45: 03/17/2026 | B45: 396890 | C45: 250270 | D45: 13611 | E45: 14289586 | J45: 88534027 | K45: 1593111 | L45: 116552 | M45: 263864 | N45: 2190134 | O45: 1901472 | P45: 1823493 | Q45: 14227 | R45: 4010694 | S45: 358254 | T45: 257671 | U45: 24652247 | V45: 2361818 | W45: 410904 | X45: 222413 | Y45: 14470000 | Z45: 2959904 | AA45: 30522942 | AB45: 13203187 | AC45: 22627443 | AD45: 1374851 | AE45: 57719730176 | AF45: 37708128256
A46: 03/16/2026 | B46: 397780 | C46: 294110 | D46: 23690 | E46: 14290000 | F46: 138890 | G46: 2470000 | H46: 158470 | I46: 133340 | J46: 71090000 | K46: 1630000 | L46: 150930 | M46: 422080 | N46: 2190000 | O46: 1900000 | P46: 1820000 | Q46: 13930 | R46: 3080000 | S46: 518660 | T46: 192470 | U46: 8420000 | V46: 1890000 | W46: 579160 | X46: 185720 | Y46: 14850000 | Z46: 2960000 | AA46: 30200000 | AB46: 13300000 | AC46: 20400000 | AD46: 1380000 | AE46: 89610 | AF46: 953430
A47: 03/15/2026 | J47: 34190000 | AE47: 43820 | AF47: 319760
A48: 03/14/2026 | J48: 44900000 | AE48: 35820 | AF48: 184570
A49: 03/13/2026 | B49: 427940 | C49: 250380 | D49: 12120 | E49: 17760000 | F49: 234810 | G49: 3030000 | H49: 109920 | I49: 143640 | J49: 92160000 | K49: 1200000 | L49: 118170 | M49: 344740 | N49: 7640000 | O49: 7710000 | P49: 1930000 | Q49: 12710 | R49: 4640000 | S49: 515430 | T49: 272960 | U49: 5970000 | V49: 2650000 | W49: 352830 | X49: 688920 | Y49: 23280000 | Z49: 4280000 | AA49: 30480000 | AB49: 73450000 | AC49: 23690000 | AD49: 1460000 | AE49: 99060 | AF49: 689330
A50: 03/12/2026 | B50: 439190 | C50: 221310 | D50: 15240 | E50: 17520000 | F50: 141330 | G50: 7470000 | H50: 276450 | I50: 107440 | J50: 69220000 | K50: 1180000 | L50: 206090 | M50: 331220 | N50: 3320000 | O50: 2580000 | P50: 2970000 | Q50: 18090 | R50: 5150000 | S50: 745760 | T50: 202300 | U50: 8520000 | V50: 2810000 | W50: 316270 | X50: 121550 | Y50: 24110000 | Z50: 4440000 | AA50: 22680000 | AB50: 24850000 | AC50: 15230000 | AD50: 1510000 | AE50: 67110 | AF50: 477680
A51: 03/11/2026 | B51: 406210 | C51: 257990 | D51: 16760 | E51: 12290000 | F51: 339090 | G51: 4620000 | H51: 242860 | I51: 66330 | J51: 62010000 | K51: 1750000 | L51: 213240 | M51: 361950 | N51: 2750000 | O51: 2900000 | P51: 2730000 | Q51: 13800 | R51: 7990000 | S51: 409000 | T51: 238680 | U51: 10840000 | V51: 1420000 | W51: 459630 | X51: 207760 | Y51: 57230000 | Z51: 2980000 | AA51: 19950000 | AB51: 15000000 | AC51: 15640000 | AD51: 1220000 | AE51: 77240 | AF51: 390980
A52: 03/10/2026 | B52: 409040 | C52: 340940 | D52: 22170 | E52: 13660000 | F52: 172090 | G52: 4390000 | H52: 145460 | I52: 83220 | J52: 67300000 | K52: 2080000 | L52: 162450 | M52: 613700 | N52: 3810000 | O52: 2760000 | P52: 1690000 | Q52: 28780 | R52: 11120000 | S52: 562380 | T52: 249700 | U52: 10450000 | V52: 3170000 | W52: 403780 | X52: 161230 | Z52: 4520000 | AA52: 26720000 | AB52: 21970000 | AC52: 18320000 | AD52: 1420000 | AE52: 93010 | AF52: 517000
A53: 03/09/2026 | B53: 293550 | C53: 333570 | D53: 26780 | E53: 19050000 | F53: 270060 | G53: 3160000 | H53: 153640 | I53: 130950 | J53: 87680000 | K53: 3100000 | L53: 288600 | M53: 1120000 | N53: 3130000 | O53: 3100000 | P53: 2550000 | Q53: 39930 | R53: 11910000 | S53: 749990 | T53: 496530 | U53: 9110000 | V53: 2960000 | W53: 511890 | X53: 313880 | Z53: 6880000 | AA53: 27750000 | AB53: 26220000 | AC53: 20430000 | AD53: 1990000 | AE53: 90370 | AF53: 623600
A54: 03/08/2026 | J54: 41940000 | AE54: 59590 | AF54: 462320
A55: 03/07/2026 | J55: 39860000 | AE55: 43680 | AF55: 217200
A56: 03/06/2026 | B56: 393890 | C56: 259410 | D56: 15540 | E56: 18920000 | F56: 121610 | G56: 2670000 | H56: 97930 | I56: 161340 | J56: 86570000 | K56: 2360000 | L56: 165090 | M56: 327330 | N56: 3570000 | O56: 2780000 | P56: 3530000 | Q56: 14690 | R56: 14140000 | S56: 458150 | T56: 193010 | U56: 15590000 | V56: 6580000 | W56: 543260 | X56: 220990 | Z56: 3810000 | AA56: 30710000 | AB56: 16570000 | AC56: 19540000 | AD56: 1590000 | AE56: 76770 | AF56: 469560
A57: 03/05/2026 | B57: 127350 | C57: 266830 | D57: 24170 | E57: 16220000 | F57: 242460 | G57: 1340000 | H57: 108270 | I57: 189140 | J57: 93010000 | K57: 3970000 | L57: 385210 | M57: 753030 | N57: 3820000 | O57: 2960000 | P57: 1860000 | Q57: 25390 | R57: 15790000 | S57: 996250 | T57: 213520 | U57: 9350000 | V57: 7820000 | W57: 621370 | X57: 319470 | Z57: 3840000 | AA57: 21800000 | AB57: 16210000 | AC57: 21290000 | AD57: 1690000 | AE57: 89380 | AF57: 494190
A58: 03/04/2026 | B58: 491290 | C58: 390430 | D58: 41800 | E58: 14330000 | F58: 347220 | G58: 1510000 | H58: 149530 | I58: 279330 | J58: 116940000 | K58: 5810000 | L58: 441590 | M58: 1370000 | N58: 2440000 | O58: 2260000 | P58: 2180000 | Q58: 48220 | R58: 21610000 | S58: 1300000 | T58: 378570 | U58: 16780000 | V58: 4420000 | W58: 903390 | X58: 538540 | Z58: 3750000 | AA58: 36140000 | AB58: 12260000 | AC58: 37380000 | AD58: 1450000 | AE58: 136550 | AF58: 819540
A59: 03/03/2026 | B59: 436900 | C59: 274250 | D59: 36670 | E59: 19220000 | F59: 98500 | G59: 2010000 | H59: 107970 | I59: 141910 | J59: 123510000 | K59: 7110000 | L59: 292360 | M59: 917750 | N59: 3880000 | O59: 6970000 | P59: 2170000 | Q59: 143930 | R59: 17940000 | S59: 1150000 | T59: 537910 | U59: 15400000 | V59: 7970000 | W59: 1080000 | X59: 473800 | Z59: 5290000 | AA59: 29370000 | AB59: 25320000 | AC59: 19410000 | AD59: 2140000 | AE59: 80590 | AF59: 591450
A60: 03/02/2026 | E60: 33990000 | F60: 95380 | G60: 1430000 | H60: 100240 | I60: 214190 | J60: 75390000 | N60: 3340000 | O60: 2570000 | P60: 2830000 | Z60: 4880000 | AA60: 24570000 | AB60: 17800000 | AC60: 25460000 | AD60: 1780000 | AE60: 108800 | AF60: 668310
A61: 03/01/2026 | J61: 41550000 | AE61: 71350 | AF61: 624990
A62: 02/28/2026 | J62: 67500000 | AE62: 78940 | AF62: 540940
A63: 02/27/2026 | B63: 426280 | C63: 255440 | D63: 30180 | E63: 26600000 | F63: 275610 | G63: 898550 | H63: 141510 | I63: 146150 | J63: 88690000 | K63: 2900000 | L63: 251680 | M63: 393160 | N63: 4830000 | O63: 2010000 | P63: 2120000 | Q63: 24310 | R63: 9120000 | S63: 865220 | T63: 520610 | U63: 17840000 | V63: 5040000 | W63: 1070000 | X63: 227750 | Z63: 4240000 | AA63: 17420000 | AB63: 17490000 | AC63: 14030000 | AD63: 1070000 | AE63: 75210 | AF63: 486480
A64: 02/26/2026 | B64: 168060 | C64: 283590 | D64: 28640 | E64: 13660000 | F64: 102340 | G64: 795390 | H64: 54730 | I64: 37920 | J64: 83550000 | K64: 3280000 | L64: 282920 | M64: 377450 | N64: 2340000 | O64: 1170000 | P64: 1580000 | Q64: 29270 | R64: 12470000 | S64: 1220000 | T64: 266710 | U64: 14450000 | V64: 5260000 | W64: 1020000 | X64: 186480 | Z64: 7800000 | AA64: 20180000 | AB64: 16730000 | AC64: 18110000 | AD64: 1170000 | AE64: 72070 | AF64: 482750
A65: 02/25/2026 | B65: 90690 | C65: 365460 | D65: 51870 | E65: 12530000 | F65: 83730 | G65: 1250000 | H65: 178450 | I65: 106170 | J65: 122420000 | K65: 3510000 | L65: 308940 | M65: 897950 | N65: 2020000 | O65: 1590000 | P65: 1200000 | Q65: 21910 | R65: 5710000 | S65: 853900 | T65: 210330 | U65: 12170000 | V65: 6960000 | W65: 898730 | X65: 329760 | Z65: 2910000 | AA65: 21820000 | AB65: 13080000 | AC65: 24150000 | AD65: 744110 | AE65: 105590 | AF65: 763310
A66: 02/24/2026 | B66: 365230 | C66: 265780 | D66: 20790 | E66: 12170000 | F66: 121730 | G66: 635530 | H66: 183600 | I66: 145310 | J66: 79810000 | K66: 3890000 | L66: 243530 | M66: 661810 | N66: 2630000 | O66: 1390000 | P66: 1050000 | Q66: 22960 | R66: 4890000 | S66: 531750 | T66: 393970 | U66: 7580000 | V66: 5320000 | W66: 653550 | X66: 229830 | Z66: 3400000 | AA66: 16290000 | AB66: 7910000 | AC66: 15350000 | AD66: 845360 | AE66: 79660 | AF66: 489810
A67: 02/23/2026 | B67: 374260 | C67: 867610 | D67: 26360 | E67: 13470000 | F67: 69750 | G67: 774900 | H67: 121960 | I67: 92620 | J67: 101980000 | K67: 4150000 | L67: 1500000 | M67: 354510 | N67: 2860000 | O67: 8150000 | P67: 2780000 | Q67: 106260 | R67: 10740000 | S67: 815140 | T67: 154490 | U67: 8920000 | V67: 5250000 | W67: 955730 | X67: 383690 | Z67: 4940000 | AA67: 21140000 | AB67: 16690000 | AC67: 18860000 | AD67: 1470000 | AE67: 108840 | AF67: 614560
A68: 02/22/2026 | J68: 27500000 | AE68: 32600 | AF68: 183140
A69: 02/21/2026 | J69: 28940000 | AE69: 31400 | AF69: 210760
A70: 02/20/2026 | B70: 413800 | C70: 342030 | D70: 23370 | E70: 13490000 | F70: 89220 | G70: 461460 | H70: 46590 | I70: 79570 | J70: 60190000 | K70: 3010000 | L70: 206690 | M70: 354490 | N70: 2030000 | O70: 2490000 | P70: 1530000 | Q70: 21410 | R70: 9000000 | S70: 656670 | T70: 204030 | U70: 10930000 | V70: 4970000 | W70: 726780 | X70: 202840 | Z70: 6560000 | AA70: 19600000 | AB70: 13510000 | AC70: 17630000 | AD70: 1240000 | AE70: 90380 | AF70: 443850
A71: 02/19/2026 | B71: 471220 | C71: 532410 | D71: 30170 | E71: 11290000 | F71: 64310 | G71: 419300 | H71: 150830 | I71: 31590 | J71: 50220000 | K71: 3240000 | L71: 227690 | M71: 504780 | N71: 2100000 | O71: 1530000 | P71: 1660000 | Q71: 30420 | R71: 10220000 | S71: 689220 | T71: 382170 | U71: 13060000 | V71: 3950000 | W71: 945480 | X71: 168790 | Z71: 4000000 | AA71: 17600000 | AB71: 8580000 | AC71: 15460000 | AD71: 965600 | AE71: 53720 | AF71: 360180
A72: 02/18/2026 | E72: 10210000 | F72: 123510 | G72: 634930 | H72: 127190 | I72: 94130 | J72: 46100000 | N72: 2990000 | O72: 1520000 | P72: 1190000 | Z72: 4930000 | AA72: 18600000 | AB72: 8140000 | AC72: 17310000 | AD72: 1170000 | AE72: 56700 | AF72: 442860
A73: 02/17/2026 | E73: 14980000 | F73: 71090 | G73: 1100000 | H73: 277970 | I73: 93660 | J73: 28870000 | N73: 4430000 | O73: 9990000 | P73: 3370000 | Z73: 10220000 | AA73: 32700000 | AB73: 11550000 | AC73: 18880000 | AD73: 1870000 | AE73: 54940 | AF73: 451670
A74: 02/16/2026 | J74: 43480000 | AE74: 52190 | AF74: 409070
A75: 02/15/2026 | J75: 58180000 | AE75: 59220 | AF75: 911140
A76: 02/14/2026 | J76: 44800000 | AE76: 56530 | AF76: 269810
A77: 02/13/2026 | B77: 434140 | C77: 362300 | D77: 21150 | E77: 14920000 | F77: 155860 | G77: 1040000 | H77: 156350 | I77: 137680 | J77: 53290000 | K77: 3420000 | L77: 188090 | M77: 468770 | N77: 3040000 | O77: 2400000 | P77: 1200000 | Q77: 20720 | R77: 5800000 | S77: 984060 | T77: 392430 | U77: 15160000 | V77: 5020000 | W77: 612140 | X77: 128290 | Z77: 5640000 | AA77: 29150000 | AB77: 11640000 | AC77: 24570000 | AD77: 1850000 | AE77: 70100 | AF77: 528120
A78: 02/12/2026 | B78: 516090 | C78: 367380 | D78: 20770 | E78: 16590000 | F78: 102860 | G78: 1990000 | H78: 210210 | I78: 93240 | J78: 90340000 | K78: 2610000 | L78: 150810 | M78: 489220 | N78: 3020000 | O78: 2220000 | P78: 1240000 | Q78: 16600 | R78: 4490000 | S78: 539870 | T78: 612500 | U78: 11610000 | V78: 2680000 | W78: 573580 | X78: 212330 | Z78: 7340000 | AA78: 23200000 | AB78: 13390000 | AC78: 20960000 | AD78: 2020000 | AE78: 79760 | AF78: 530210
A79: 02/11/2026 | B79: 367600 | C79: 484890 | D79: 34680 | E79: 12580000 | F79: 330550 | G79: 930440 | H79: 234960 | I79: 105920 | J79: 86250000 | K79: 2350000 | L79: 184410 | M79: 342810 | N79: 3010000 | O79: 2010000 | P79: 1520000 | Q79: 81800 | R79: 4270000 | S79: 490290 | T79: 195070 | U79: 7670000 | V79: 3870000 | W79: 544980 | X79: 346600 | Z79: 3900000 | AA79: 23180000 | AB79: 10380000 | AC79: 25840000 | AD79: 1090000 | AE79: 89970 | AF79: 637030
A80: 02/10/2026 | B80: 382400 | C80: 457120 | D80: 20690 | E80: 14000000 | F80: 299640 | G80: 924080 | H80: 295370 | I80: 116020 | J80: 74130000 | K80: 3040000 | L80: 188100 | M80: 468640 | N80: 2310000 | O80: 2030000 | P80: 1410000 | Q80: 35210 | R80: 6000000 | S80: 429010 | T80: 651280 | U80: 9340000 | V80: 3700000 | W80: 559970 | X80: 354370 | Z80: 4640000 | AA80: 20980000 | AB80: 7700000 | AC80: 23000000 | AD80: 1020000 | AE80: 70290 | AF80: 655720
A81: 02/09/2026 | B81: 399860 | C81: 340010 | D81: 31000 | E81: 13990000 | F81: 338420 | G81: 1050000 | H81: 208570 | I81: 192960 | J81: 59010000 | K81: 4390000 | L81: 257280 | M81: 793940 | N81: 2260000 | O81: 2020000 | P81: 1520000 | Q81: 137990 | R81: 6950000 | S81: 869090 | T81: 776060 | U81: 10340000 | V81: 6970000 | W81: 705470 | X81: 341740 | Z81: 3680000 | AA81: 25470000 | AB81: 19580000 | AC81: 34290000 | AD81: 1310000 | AE81: 89050 | AF81: 706680
A82: 02/08/2026 | J82: 48770000 | AE82: 64850 | AF82: 536960
A83: 02/07/2026 | J83: 66860000 | AE83: 113640 | AF83: 1270000
A84: 02/06/2026 | B84: 386280 | C84: 374840 | D84: 37450 | E84: 17380000 | F84: 802130 | G84: 1920000 | H84: 303310 | I84: 300840 | J84: 172000000 | K84: 6740000 | L84: 1930000 | M84: 969100 | N84: 3270000 | O84: 1780000 | P84: 1610000 | Q84: 14440 | R84: 12600000 | S84: 1110000 | T84: 834580 | U84: 18480000 | V84: 3770000 | W84: 731290 | X84: 456170 | Z84: 5170000 | AA84: 27100000 | AB84: 10100000 | AC84: 57770000 | AD84: 1410000 | AE84: 234060 | AF84: 2260000
A85: 02/05/2026 | B85: 437600 | C85: 383580 | D85: 31190 | E85: 20370000 | F85: 589240 | G85: 3370000 | H85: 802310 | I85: 685870 | J85: 207370000 | K85: 7950000 | L85: 155240 | M85: 801650 | N85: 3780000 | O85: 3130000 | P85: 1660000 | Q85: 24610 | R85: 11500000 | S85: 837960 | T85: 528970 | U85: 11390000 | V85: 5270000 | W85: 712210 | X85: 2160000 | Z85: 8580000 | AA85: 31350000 | AB85: 13650000 | AC85: 60130000 | AD85: 1930000 | AE85: 259100 | AF85: 2180000
A86: 02/04/2026 | B86: 393090 | C86: 312840 | D86: 30260 | E86: 18130000 | F86: 265780 | G86: 1730000 | H86: 269210 | I86: 276080 | J86: 72250000 | K86: 6970000 | L86: 183360 | M86: 799310 | N86: 3060000 | O86: 2800000 | P86: 2170000 | Q86: 38380 | R86: 10330000 | S86: 783180 | T86: 228850 | U86: 12980000 | V86: 4850000 | W86: 774760 | X86: 552030 | Z86: 7060000 | AA86: 34230000 | AB86: 17710000 | AC86: 25780000 | AD86: 1850000 | AE86: 113350 | AF86: 1380000
A87: 02/03/2026 | B87: 385570 | C87: 344590 | D87: 28630 | E87: 18150000 | F87: 249030 | G87: 1510000 | H87: 226170 | I87: 239980 | J87: 118570000 | K87: 9340000 | L87: 340460 | M87: 649910 | N87: 2960000 | O87: 2830000 | P87: 1680000 | Q87: 40930 | R87: 12600000 | S87: 937000 | T87: 331470 | U87: 15400000 | V87: 4170000 | W87: 710100 | X87: 280660 | Z87: 6530000 | AA87: 28640000 | AB87: 9820000 | AC87: 26170000 | AD87: 1840000 | AE87: 112170 | AF87: 1440000
A88: 02/02/2026 | B88: 398450 | C88: 333680 | D88: 42970 | E88: 31230000 | F88: 197940 | G88: 1380000 | H88: 328140 | I88: 358710 | J88: 92340000 | K88: 16570000 | L88: 304590 | M88: 6160000 | N88: 4990000 | O88: 3080000 | P88: 3290000 | Q88: 65770 | R88: 19940000 | S88: 972940 | T88: 546460 | U88: 11480000 | V88: 4040000 | W88: 850900 | X88: 371690 | Z88: 5270000 | AA88: 23680000 | AB88: 8180000 | AC88: 27170000 | AD88: 1500000 | AE88: 124030 | AF88: 1390000
A89: 02/01/2026 | J89: 104810000 | AE89: 76610 | AF89: 1150000
A90: 01/31/2026 | J90: 167740000 | AE90: 105810 | AF90: 1270000
A91: 01/30/2026 | B91: 378940 | C91: 274440 | D91: 19230 | E91: 29220000 | F91: 219460 | G91: 1240000 | H91: 183650 | I91: 490100 | J91: 113040000 | K91: 14680000 | L91: 248270 | M91: 528040 | N91: 3250000 | O91: 3300000 | P91: 3050000 | Q91: 23580 | R91: 30420000 | S91: 889700 | T91: 150450 | U91: 14190000 | V91: 3330000 | W91: 876500 | X91: 484900 | Z91: 4380000 | AA91: 22770000 | AB91: 8100000 | AC91: 22770000 | AD91: 2360000 | AE91: 109590 | AF91: 894050
A92: 01/29/2026 | B92: 128949 | C92: 276260 | D92: 22040 | E92: 16030000 | F92: 300490 | G92: 1930000 | H92: 402900 | I92: 655990 | J92: 135760000 | K92: 8370000 | L92: 331240 | M92: 596730 | N92: 5140000 | O92: 2800000 | P92: 6970000 | Q92: 48360 | R92: 31800000 | S92: 969910 | T92: 447190 | U92: 13730000 | V92: 4300000 | W92: 942020 | X92: 729970 | Z92: 6140000 | AA92: 27140000 | AB92: 7830000 | AC92: 34620000 | AD92: 2060000 | AE92: 95050 | AF92: 642440
A93: 01/28/2026 | B93: 77020 | C93: 382760 | D93: 32290 | E93: 11990000 | F93: 75620 | G93: 1090000 | H93: 94160 | I93: 716030 | J93: 70300000 | K93: 7280000 | L93: 508390 | M93: 1010000 | N93: 6740000 | O93: 2320000 | P93: 21260000 | Q93: 225010 | R93: 27780000 | S93: 878800 | T93: 402260 | U93: 12840000 | V93: 4010000 | W93: 1060000 | X93: 264440 | Z93: 4200000 | AA93: 19580000 | AB93: 10080000 | AC93: 14080000 | AD93: 1540000 | AE93: 50900 | AF93: 330740
A94: 01/27/2026 | B94: 378260 | C94: 386730 | D94: 29740 | E94: 13390000 | F94: 111450 | G94: 1070000 | H94: 47170 | I94: 498010 | J94: 58780000 | K94: 5230000 | L94: 199260 | M94: 406390 | N94: 2770000 | O94: 1760000 | P94: 2430000 | Q94: 92950 | R94: 22220000 | S94: 575000 | T94: 248750 | U94: 8880000 | V94: 3530000 | W94: 704240 | X94: 193110 | Z94: 4050000 | AA94: 14890000 | AB94: 5590000 | AC94: 13960000 | AD94: 1330000 | AE94: 49570 | AF94: 529910
A95: 01/26/2026 | B95: 394190 | C95: 336310 | D95: 23610 | E95: 16870000 | F95: 107480 | G95: 1280000 | H95: 85010 | I95: 409900 | J95: 78710000 | K95: 5520000 | L95: 345220 | M95: 788140 | N95: 2880000 | O95: 2100000 | P95: 9580000 | Q95: 25790 | R95: 18740000 | S95: 1420000 | T95: 89320 | U95: 17430000 | V95: 7280000 | W95: 1210000 | X95: 320080 | Z95: 5670000 | AA95: 19120000 | AB95: 7390000 | AC95: 14520000 | AD95: 1640000 | AE95: 65760 | AF95: 544010
A96: 01/25/2026 | J96: 84760000 | AE96: 48590 | AF96: 417200
A97: 01/24/2026 | J97: 41950000 | AE97: 16960 | AF97: 102430
A98: 01/23/2026 | B98: 384110 | C98: 267990 | D98: 19970 | E98: 12140000 | F98: 145190 | G98: 1180000 | H98: 97340 | I98: 210410 | J98: 69190000 | K98: 4340000 | L98: 172830 | M98: 452350 | N98: 8660000 | O98: 2450000 | P98: 2070000 | Q98: 21470 | R98: 4180000 | S98: 696680 | T98: 253120 | U98: 20050000 | V98: 6180000 | W98: 758330 | X98: 234060 | Z98: 5090000 | AA98: 19240000 | AB98: 6560000 | AC98: 14880000 | AD98: 1440000 | AE98: 49440 | AF98: 359700
A99: 01/22/2026 | B99: 414190 | C99: 251370 | D99: 18690 | E99: 13620000 | F99: 69950 | G99: 943770 | H99: 72290 | I99: 333000 | J99: 63910000 | K99: 4320000 | L99: 160340 | M99: 346790 | N99: 2700000 | O99: 2560000 | P99: 5230000 | Q99: 20620 | R99: 1900000 | S99: 714490 | T99: 180970 | U99: 21840000 | V99: 5520000 | W99: 808540 | X99: 194630 | Z99: 5100000 | AA99: 16450000 | AB99: 7810000 | AC99: 11120000 | AD99: 1320000 | AE99: 41980 | AF99: 320830
A100: 01/21/2026 | B100: 386450 | C100: 271830 | D100: 17670 | E100: 17500000 | F100: 118110 | G100: 1390000 | H100: 81400 | I100: 392720 | J100: 95710000 | K100: 5920000 | L100: 271330 | M100: 548960 | N100: 2910000 | O100: 3590000 | P100: 1370000 | Q100: 21460 | R100: 3740000 | S100: 1040000 | T100: 89830 | U100: 29030000 | V100: 5850000 | W100: 1050000 | X100: 318960 | Z100: 7830000 | AA100: 20010000 | AB100: 17980000 | AC100: 18440000 | AD100: 2640000 | AE100: 73670 | AF100: 631770
...

Sheet Summary
A1: Now | B1: Total | C1: Susie | D1: D&B | E1: Jintae | F1: Hyunhee | H1: Crypto | I1: Cash | J1: Gold | K1: Kor stock | L1: US stock | M1: US bonds | O1: Crypto | P1: Cash | Q1: Gold | R1: Kor stock | S1: US stock | T1: US bonds
A2: =NOW() | B2: =Admin!D5 | C2: =Admin!D1 | D2: =Admin!D2 | E2: =Admin!D3 | F2: =Admin!D4 | H2: =SUM(Admin!D8,Admin!D9,Admin!D36,Admin!D37,Admin!D48,Admin!D49) | I2: =SUM(Admin!D10,Admin!D11,Admin!D12,Admin!D21,Admin!D22,Admin!D23,Admin!D24,Admin!D38,Admin!D39,Admin!D40,Admin!D50,Admin!D51,Admin!D52) | J2: =SUM(Admin!D13,Admin!D25,Admin!D53) | K2: =SUM(Admin!D14,Admin!D26,Admin!D27,Admin!D41,Admin!D54) | L2: =SUM(Admin!D15,Admin!D16,Admin!D29,Admin!D30,Admin!D42,Admin!D55) | M2: =SUM(Admin!D17,Admin!D31,Admin!D32,Admin!D43,Admin!D44,Admin!D56) | P2: =SUM(Admin!D21,Admin!D22,Admin!D23,Admin!D24) | Q2: =Admin!D25 | R2: =SUM(Admin!D26,Admin!D27) | S2: =SUM(Admin!D29,Admin!D30) | T2: =SUM(Admin!D31,Admin!D32)
A3: Date | B3: Total | C3: Susie | D3: D&B | E3: Jintae | F3: Hyunhee | H3: Crypto | I3: Cash | J3: Gold | K3: Kor stock | L3: US stock | M3: US bonds | O3: Crypto | P3: Cash | Q3: Gold | R3: Kor stock | S3: US stock | T3: US bonds
A4: 46141 | B4: 5955286830 | C4: 610620296 | D4: 4225605987 | E4: 874563337 | F4: 244497209 | H4: 278443272 | I4: 2090501916 | J4: 476514080 | K4: 874939140 | L4: 1385352089 | M4: 849536332 | O4: 0 | P4: 1700208931 | Q4: 385325185 | R4: 390468980 | S4: 1184344859 | T4: 565258032
A5: 46140 | B5: 5959655561 | C5: 609360111 | D5: 4225354560 | E5: 880751735 | F5: 244189156 | H5: 275975559 | I5: 2064538169 | J5: 481010240 | K5: 902237440 | L5: 1388816711 | M5: 847077443 | O5: 0 | P5: 1674425371 | Q5: 388960930 | R5: 410855585 | S5: 1187376056 | T5: 563736618
A6: 46139 | B6: 5968659631 | C6: 613778955 | D6: 4228605300 | E6: 880943111 | F6: 245332265 | H6: 279339583 | I6: 2062593023 | J6: 487478400 | K6: 903546205 | L6: 1387611154 | M6: 848091266 | O6: 0 | P6: 1672287945 | Q6: 394191300 | R6: 412369505 | S6: 1185839434 | T6: 563917116
A7: 46138 | B7: 5971587370 | C7: 615511690 | D7: 4232313878 | E7: 878261631 | F7: 245500171 | H7: 281696141 | I7: 2067144960 | J7: 490160320 | K7: 889766405 | L7: 1390506435 | M7: 852313109 | O7: 0 | P7: 1676431029 | Q7: 396359990 | R7: 403891760 | S7: 1189820715 | T7: 565810384
A8: 46137 | B8: 5969707487 | C8: 614099171 | D8: 4232313878 | E8: 877972157 | F8: 245322281 | H8: 279816257 | I8: 2067144960 | J8: 490160320 | K8: 889766405 | L8: 1390506435 | M8: 852313109 | O8: 0 | P8: 1676431029 | Q8: 396359990 | R8: 403891760 | S8: 1189820715 | T8: 565810384
A9: 46136 | B9: 5973758772 | C9: 616235572 | D9: 4233576488 | E9: 878371114 | F9: 245575598 | H9: 282604843 | I9: 2073342100 | J9: 490160320 | K9: 889766405 | L9: 1383880152 | M9: 854004952 | O9: 0 | P9: 1682628079 | Q9: 396359990 | R9: 403891760 | S9: 1183194432 | T9: 567502227
A10: 46135 | B10: 5960402817 | C10: 613662279 | D10: 4227776516 | E10: 874651461 | F10: 244312560 | H10: 281195561 | I10: 2069262162 | J10: 493078880 | K10: 881463355 | L10: 1382898069 | M10: 852504790 | O10: 0 | P10: 1679463978 | Q10: 398720035 | R10: 399394510 | S10: 1183184529 | T10: 567013465
A11: 46134 | B11: 5945834827 | C11: 614655944 | D11: 4206959821 | E11: 880252512 | F11: 243966550 | H11: 282610693 | I11: 2067540653 | J11: 497575040 | K11: 886298110 | L11: 1362035439 | M11: 849774892 | O11: 0 | P11: 1677167265 | Q11: 402355780 | R11: 398706760 | S11: 1164166449 | T11: 564563567
A12: 46133 | B12: 5915827806 | C12: 601999026 | D12: 4196768513 | E12: 874399061 | F12: 242661206 | H12: 258624238 | I12: 2061715391 | J12: 497732800 | K12: 890548480 | L12: 1358830804 | M12: 848376093 | O12: 0 | P12: 1670733741 | Q12: 402483350 | R12: 398263715 | S12: 1161695089 | T12: 563592618
A13: 46132 | B13: 5927125692 | C13: 599173129 | D13: 4208212825 | E13: 877444605 | F13: 242295134 | H13: 255047861 | I13: 2067140158 | J13: 500335840 | K13: 886995330 | L13: 1366453320 | M13: 851153183 | O13: 0 | P13: 1676258297 | Q13: 404588255 | R13: 391690625 | S13: 1169603865 | T13: 566071783
A14: 46131 | B14: 5910450917 | C14: 599867026 | D14: 4185970883 | E14: 882608543 | F14: 242004465 | H14: 256870394 | I14: 2057281387 | J14: 502465600 | K14: 890199210 | L14: 1357223255 | M14: 846411071 | O14: 0 | P14: 1667228871 | Q14: 406310450 | R14: 389335090 | S14: 1161127250 | T14: 561969221
A15: 46130 | B15: 5916190955 | C15: 604184532 | D15: 4185970883 | E15: 883419538 | F15: 242616003 | H15: 262610432 | I15: 2057281386 | J15: 502465600 | K15: 890199210 | L15: 1357223255 | M15: 846411071 | O15: 0 | P15: 1667228871 | Q15: 406310450 | R15: 389335090 | S15: 1161127250 | T15: 561969221
... A122: 46023 | B122: 5507085761 | C122: 611193530 | D122: 3853716361 | E122: 808056428 | F122: 234119441 | H122: 300503613 | I122: 1963297235 | J122: 457234820 | K122: 678147230 | L122: 1278619487 | M122: 829283375 | O122: 0 | P122: 1580231634 | Q122: 370016785 | R122: 259644460 | S122: 1093480337 | T122: 550343145

Sheet Admin
A1: Susie | D1: =D18
A2: D&B | D2: =D33
A3: Jintae | D3: =D45
A4: Hyunhee | D4: =D57
A5: Total | D5: =SUM(D1:D4)
T6: 0.2
A7: Susie | D7: KRW value | E7: Stock # | F7: Upbit/케이뱅크 | G7: Binance | H7: 삼성종합 | I7: 삼성ISA | J7: 삼성연금 | K7: 삼성CMA | L7: 대여금 | N7: Stock price | O7: Fiat rate | R7: Guide % | S7: In conventional | T7: Actual % | U7: To rebalance
A8: Crypto | B8: Bitcoin | D8: =E8*N8*O8 | E8: =SUM(F8:L8) | F8: 0.57807519 | G8: 1.2136273 | N8: =Info!E33 | O8: =Info!E11 | R8: =T8 | T8: =D8/$D$18 | U8: =D$18*(R8-T8)
A9: Crypto | B9: Ethereum | D9: =E9*N9*O9 | E9: =SUM(F9:L9) | F9: 0.70705698 | G9: 0.75036428 | N9: =Info!E34 | O9: =O8 | R9: =T9 | T9: =D9/$D$18 | U9: =D$18*(R9-T9)
A10: Cash | B10: KRW | D10: =E10*N10*O10 | E10: =SUM(F10:L10) | F10: 2138003 | H10: 3200 | I10: 24845 | J10: 5883 | L10: 50000000 | N10: 1 | O10: 1 | U10: =(R10-T10)*$D$18
A11: Cash | B11: TIGER CD1년금리액티브(합성) | D11: =E11*N11*O11 | E11: =SUM(F11:L11) | H11: 64 | N11: =Info!E4 | O11: 1 | R11: =(100%-R$8-R$9)*S11 | S11: 0.3 | T11: =(D12+D10+D11)/$D$18 | U11: =(R11-T11)*$D$18
A12: Cash | B12: USDT | D12: =E12*N12*O12 | E12: =SUM(F12:L12) | G12: 10.893838 | N12: 1 | O12: =O8 | R12: =(100%-R$8-R$9)*S12 | S12: 0 | T12: =D12/$D$18 | U12: =(R12-T12)*$D$18
A13: Gold | B13: KINDEX KRX금현물 | D13: =E13*N13*O13 | E13: =SUM(F13:L13) | H13: 1324 | I13: 1053 | N13: =Info!E13 | O13: 1 | Q13: =U13/N13 | R13: =(100%-R$8-R$9)*S13 | S13: 0.2 | T13: =D13/$D$18 | U13: =(R13-T13)*$D$18
A14: Kor Stock | B14: TIGER KOSDAQ150 | D14: =E14*N14*O14 | E14: =SUM(H14:L14) | H14: 2029 | N14: =Info!E20 | O14: 1 | Q14: =U14/N14 | R14: =(100%-R$8-R$9)*S14 | S14: 0.1 | T14: =D14/$D$18 | U14: =(R14-T14)*$D$18
A15: US Stock | B15: ACE 미국S&P500 | D15: =E15*N15*O15 | E15: =SUM(F15:L15) | I15: 807 | N15: =Info!E21 | O15: 1 | Q15: =U15/N15 | R15: =(100%-R$8-R$9)*S15 | S15: 0.05 | T15: =D15/$D$18 | U15: =(R15-T15)*$D$18
A16: US Stock | B16: KODEX 미국나스닥100(TR) | D16: =E16*N16*O16 | E16: =SUM(F16:L16) | H16: 2425 | J16: 56 | N16: =Info!E24 | O16: 1 | Q16: =U16/N16 | R16: =(100%-R$8-R$9)*S16 | S16: 0.15 | T16: =D16/$D$18 | U16: =(R16-T16)*$D$18
A17: US Bonds | B17: ACE 미국장기채액티브 | D17: =E17*N17*O17 | E17: =SUM(F17:L17) | I17: 4418 | J17: 3578 | N17: =Info!E15 | O17: 1 | Q17: =U17/N17 | R17: =(100%-R$8-R$9)*S17 | S17: 0.2 | T17: =D17/$D$18 | U17: =(R17-T17)*$D$18
D18: =SUM(D8:D17) | R18: =SUM(R8:R17) | S18: =SUM(S10:S17) | T18: =D18/$D$18
A20: Dirac & Broglie | D20: KRW value | E20: Stock # | H20: 한투종합 | I20: 한투CMA | N20: Stock price | O20: Fiat rate | R20: Guide % | T20: Actual %
A21: Cash | B21: KRW | D21: =E21*N21*O21 | E21: =SUM(H21:L21) | H21: 245959838 | I21: 0 | N21: 1 | O21: 1
A22: Cash | B22: TIGER CD1년금리액티브(합성) | D22: =E22*N22*O22 | E22: =SUM(H22:L22) | H22: 197 | N22: =N11 | O22: 1 | Q22: =U22/O22/N22 | R22: 0.05 | S22: 0.13 | T22: =(D21+D22)/$D$33 | U22: =$D$33*(R22-T22)
A23: Cash | B23: USD | D23: =E23*N23*O23 | E23: =SUM(H23:L23) | H23: 317 | N23: 1 | O23: =Info!E12 | U23: =$D$33*(R23-T23)
A24: Cash | B24: STRC | D24: =E24*N24*O24 | E24: =SUM(H24:L24) | H24: 8434 | N24: =Info!E8 | O24: =O23 | Q24: =U24/O24/N24 | R24: 0.35 | S24: 0.22 | T24: =SUM(D23,D24)/D33 | U24: =$D$33*(R24-T24)
A25: Gold | B25: KINDEX KRX금현물 | D25: =E25*N25*O25 | E25: =SUM(H25:L25) | H25: 12757 | N25: =N13 | O25: 1 | Q25: =U25/O25/N25 | R25: =S25*(100%-$R$22-$R$24)/(100%-$S$22-$S$24) | S25: 0.1 | T25: =D25/$D$33 | U25: =$D$33*(R25-T25)
A26: Kor Stock | B26: KBSTAR 200 Total Return | D26: =E26*N26*O26 | E26: =SUM(H26:L26) | H26: 3428 | N26: =Info!E22 | O26: 1 | Q26: =U26/O26/N26 | R26: =S26*(100%-$R$22-$R$24)/(100%-$S$22-$S$24) | S26: 0.05 | T26: =D26/$D$33 | U26: =$D$33*(R26-T26)
A27: Kor Stock | B27: TIGER KOSDAQ150 | D27: =E27*N27*O27 | E27: =SUM(H27:L27) | H27: 7050 | N27: =N14 | O27: 1 | Q27: =U27/O27/N27 | R27: =S27*(100%-$R$22-$R$24)/(100%-$S$22-$S$24) | S27: 0.05 | T27: =(D27+D28)/$D$33 | U27: =$D$33*(R27-T27)
A28: Kor Stock | B28: KoAct 코스닥액티브 | D28: =E28*N28*O28 | E28: =SUM(H28:L28) | H28: 3500 | N28: =Info!E27 | O28: 1
A29: US Stock | B29: QQQM | D29: =E29*N29*O29 | E29: =SUM(H29:L29) | H29: 1996 | N29: =Info!E28 | O29: =O23 | Q29: =U29/O29/N29 | R29: =S29*(100%-$R$22-$R$24)/(100%-$S$22-$S$24) | S29: 0.2 | T29: =D29/$D$33 | U29: =$D$33*(R29-T29)
A30: US Stock | B30: SCHD | D30: =E30*N30*O30 | E30: =SUM(H30:L30) | H30: 8342 | N30: =Info!E29 | O30: =O23 | Q30: =U30/O30/N30 | R30: =S30*(100%-$R$22-$R$24)/(100%-$S$22-$S$24) | S30: 0.1 | T30: =D30/$D$33 | U30: =$D$33*(R30-T30)
A31: US Bonds | B31: VTIP | D31: =E31*N31*O31 | E31: =SUM(H31:L31) | H31: 3580 | N31: =Info!E18 | O31: =O23 | Q31: =U31/O31/N31 | R31: =S31*(100%-$R$22-$R$24)/(100%-$S$22-$S$24) | S31: 0.07 | T31: =D31/$D$33 | U31: =$D$33*(R31-T31)
A32: US Bonds | B32: VGLT | D32: =E32*N32*O32 | E32: =SUM(H32:L32) | H32: 3663 | N32: =Info!E17 | O32: =O23 | Q32: =U32/O32/N32 | R32: =S32*(100%-$R$22-$R$24)/(100%-$S$22-$S$24) | S32: 0.08 | T32: =D32/$D$33 | U32: =$D$33*(R32-T32)
D33: =SUM(D21:D32) | R33: =SUM(R21:R32) | S33: =SUM(S21:S32) | T33: =SUM(T21:T32)
A35: Jintae | D35: KRW value | E35: Stock # | F35: Upbit | G35: Binance | H35: 삼성종합 | I35: 삼성ISA | J35: 삼성CMA | K35: 미래연금 | L35: 미래IRP | N35: Stock price | O35: Fiat rate | R35: Guide % | T35: Actual %
A36: Crypto | B36: Bitcoin | D36: =E36*N36*O36 | E36: =SUM(F36:L36) | F36: 0.16849539 | G36: 0.10870189 | N36: =N8 | O36: =O8 | R36: =T36 | T36: =D36/$D$45 | U36: =(R36-T36)*$D$45
A37: Crypto | B37: Ethereum | D37: =E37*N37*O37 | E37: =SUM(F37:L37) | F37: 2.578812 | G37: 0.79480734 | N37: =N9 | O37: =O8 | R37: =T37 | T37: =D37/$D$45 | U37: =(R37-T37)*$D$45
A38: Cash | B38: KODEX KOFR금리액티브(합성) | D38: =E38*N38*O38 | E38: =SUM(F38:L38) | K38: 354 | L38: 973 | N38: =Info!E2 | O38: 1
A39: Cash | B39: TIGER MSCI US 리츠(합성H) | D39: =E39*N39*O39 | E39: =SUM(F39:L39) | H39: 4095 | N39: =Info!E19 | O39: 1
A40: Cash | B40: KRW | D40: =E40*N40*O40 | E40: =SUM(F40:L40) | H40: 0 | I40: 1721690 | J40: 0 | K40: 17077 | L40: 1596 | N40: 1 | O40: 1 | R40: =(100%-R$36-R$37)*S40 | S40: 0.25 | T40: =(D38+D40+D39)/$D$45 | U40: =(R40-T40)*$D$45
A41: Kor Stock | B41: 유비케어 | D41: =E41*N41*O41 | E41: =SUM(F41:L41) | H41: =64909+14365 | I41: 22305 | N41: =Info!E26 | O41: 1 | Q41: =U41/N41/O41 | R41: =(100%-R$36-R$37)*S41 | S41: 0.5 | T41: =D41/$D$45 | U41: =(R41-T41)*$D$45
A42: US Stock | B42: KODEX 미국나스닥100(TR) | D42: =E42*N42*O42 | E42: =SUM(F42:L42) | K42: 1656 | N42: =N16 | O42: 1 | Q42: =U42/N42/O42 | R42: =(100%-R$36-R$37)*S42 | S42: 0.05 | T42: =D42/$D$45 | U42: =(R42-T42)*$D$45
A43: US Bonds | B43: KINDEX S&P500 3070 Blend | D43: =E43*N43*O43 | E43: =SUM(F43:L43) | L43: 5600 | N43: =Info!E25 | O43: 1
A44: US Bonds | B44: ACE 미국장기채액티브 | D44: =E44*N44*O44 | E44: =SUM(F44:L44) | L44: 8204 | N44: =N17 | O44: 1 | Q44: =U44/N44/O44 | R44: =(100%-R$36-R$37)*S44 | S44: 0.2 | T44: =(D43+D44)/$D$45 | U44: =(R44-T44)*$D$45
D45: =SUM(D36:D44) | R45: =SUM(R36:R44) | S45: =SUM(S40:S44) | T45: =D45/$D$45
A47: Hyunhee | D47: KRW value | E47: Stock # | F47: Upbit | G47: Binance | H47: 삼성종합 | I47: 삼성ISA | J47: 삼성연금 | K47: 삼성CMA | N47: Stock price | O47: Fiat rate | R47: Guide % | T47: Actual %
A48: Crypto | B48: Bitcoin | D48: =E48*N48*O48 | E48: =SUM(F48:L48) | F48: 0.09384557 | G48: 0.09537072 | N48: =N8 | O48: =O37 | R48: =T48 | T48: =D48/($D$57) | U48: =$D$57*(R48-T48)
A49: Crypto | B49: Ethereum | D49: =E49*N49*O49 | E49: =SUM(F49:L49) | F49: 0.72319674 | G49: 0.70515149 | N49: =N37 | O49: =O37 | R49: =T49 | T49: =D49/($D$57) | U49: =$D$57*(R49-T49)
A50: Cash | B50: TIGER MSCI US 리츠(합성H) | D50: =E50*N50*O50 | E50: =SUM(F50:L50) | H50: 4118 | N50: =N43 | O50: 1
A51: Cash | B51: KRW | D51: =E51*N51*O51 | E51: =SUM(F51:L51) | I51: 491875 | J51: 74590 | K51: 1488449 | N51: 1 | O51: 1
A52: Cash | B52: KODEX CD금리액티브(합성) | D52: =E52*N52*O52 | E52: =SUM(F52:L52) | I52: 4 | N52: =Info!E3 | O52: 1 | Q52: =U52/N52/O52 | R52: =(100%-R$48-R$49)*S52 | S52: 0.3 | T52: =(D51+D52+D50)/($D$57) | U52: =$D$57*(R52-T52)
A53: Gold | B53: KINDEX KRX금현물 | D53: =E53*N53*O53 | E53: =SUM(H53:L53) | I53: 642 | N53: =N13 | O53: 1 | Q53: =U53/N53/O53 | R53: =(100%-R$48-R$49)*S53 | S53: 0.1 | T53: =D53/$D$57 | U53: =$D$57*(R53-T53)
A54: Kor Stock | B54: TIGER KOSDAQ150 | D54: =E54*N54*O54 | E54: =SUM(F54:L54) | I54: 1030 | N54: =N27 | O54: 1 | Q54: =U54/N54/O54 | R54: =(100%-R$48-R$49)*S54 | S54: 0.1 | T54: =D54/($D$57) | U54: =$D$57*(R54-T54)
A55: US Stock | B55: KODEX 미국나스닥100(TR) | D55: =E55*N55*O55 | E55: =SUM(F55:L55) | I55: 903 | J55: 1713 | N55: =N42 | O55: 1 | Q55: =U55/N55/O55 | R55: =(100%-R$48-R$49)*S55 | S55: 0.3 | T55: =D55/($D$57) | U55: =$D$57*(R55-T55)
A56: US Bonds | B56: ACE 미국장기채액티브 | D56: =E56*N56*O56 | E56: =SUM(F56:L56) | I56: 2778 | J56: 1407 | N56: =N17 | O56: 1 | Q56: =U56/N56/O56 | R56: =(100%-R$48-R$49)*S56 | S56: 0.2 | T56: =D56/($D$57) | U56: =$D$57*(R56-T56)
D57: =SUM(D48:D56) | N57: =N39 | R57: =SUM(R48:R56) | S57: =SUM(S48:S56) | T57: =D57/($D$57)

Sheet D&B
E3: D&B
B4: Borrowings | E4: Jintae | F4: Hyunhee | G4: Susie
C5: 0.006 | D5: =4.6%-C5 | E5: 0.1 | F5: 0.4 | G5: 0.5
A6: Jintae | B6: =400000000+900000000+400000000 | C6: =B6*$C$5 | D6: =B6*$D$5 | F6: =$D6*F$5 | G6: =$D6*G$5
A7: Hyunhee | B7: =1600000000+900000000+200000000 | C7: =B7*$C$5 | D7: =B7*$D$5 | E7: =$D7*E$5 | G7: =$D7*G$5
A8: Susie | B8: =100000000+100000000+400000000 | C8: =B8*$C$5 | D8: =B8*$D$5 | E8: =$D8*E$5 | F8: =$D8*F$5
A9: Total | B9: =B6+B7+B8 | C9: =C6+C7+C8 | D9: =D6+D7+D8 | E9: =E6+E7+E8 | F9: =F6+F7+F8 | G9: =G6+G7+G8
